"# Generated by write_osm_objects_report from LangToolsOSM 0.0.15 with parameters: lang=ca, extra_tag=('name:ca', 'alt_name:ca', 'alt_name'), area=['name:ca'='la Plana Baixa'][admin_level=7], filters=nwr[name~'^[Cc]alle'][!'name:ca']"	""	""	""	""	""	""	""	""	""	""
"typeOSM"	"idOSM"	"name"	"name:ca"	"alt_name:ca"	"alt_name"	"translations"	"ca.wikipedia_page"	"wikidata_id"	"multilang_names"	"all_tags"
"way"	"305000778"	"Calle de los Pastores"	""	""	""	""	""	""	""	"{'highway': 'steps', 'name': 'Calle de los Pastores'}"
"way"	"49616899"	"Calle Trasladación"	""	""	""	""	""	""	""	"{'highway': 'living_street', 'name': 'Calle Trasladación', 'oneway': 'yes'}"
"way"	"49616978"	"Calle Vicente Joaquín Creixach"	""	""	""	""	""	""	""	"{'highway': 'residential', 'name': 'Calle Vicente Joaquín Creixach', 'oneway': 'no'}"
"way"	"49616838"	"Calle Vicente Joaquín Creixach"	""	""	""	""	""	""	""	"{'highway': 'living_street', 'name': 'Calle Vicente Joaquín Creixach', 'oneway': 'yes'}"
"way"	"49616876"	"Calle Viriato"	""	""	""	""	""	""	""	"{'highway': 'living_street', 'name': 'Calle Viriato'}"
"way"	"49616886"	"Calle Paraíso"	""	""	""	""	""	""	""	"{'highway': 'living_street', 'name': 'Calle Paraíso'}"
"way"	"49616887"	"Calle Vicente el Dolzainer"	""	""	""	""	""	""	""	"{'highway': 'living_street', 'name': 'Calle Vicente el Dolzainer', 'oneway': 'yes'}"
"way"	"49616890"	"Calle del Santo Ángel"	""	""	""	""	""	""	""	"{'highway': 'steps', 'name': 'Calle del Santo Ángel'}"
"way"	"50302929"	"Calle Canto de la Aurora"	""	""	""	""	""	""	""	"{'highway': 'residential', 'name': 'Calle Canto de la Aurora', 'oneway': 'no'}"
"way"	"50302932"	"Calle Guitarro"	""	""	""	""	""	""	""	"{'highway': 'residential', 'name': 'Calle Guitarro', 'oneway': 'yes'}"
"way"	"51734723"	"Calle Paraje San José"	""	""	""	""	""	""	""	"{'highway': 'residential', 'name': 'Calle Paraje San José', 'oneway': 'no'}"
"way"	"51734729"	"Calle Colmenar"	""	""	""	""	""	""	""	"{'highway': 'residential', 'name': 'Calle Colmenar', 'oneway': 'no'}"
"way"	"51734730"	"Calle Paraje San José"	""	""	""	""	""	""	""	"{'highway': 'residential', 'name': 'Calle Paraje San José', 'oneway': 'no'}"
"way"	"51734731"	"Calle Cristal"	""	""	""	""	""	""	""	"{'highway': 'residential', 'name': 'Calle Cristal', 'oneway': 'no'}"
"way"	"51734688"	"Calle Alto de la Villa"	""	""	""	""	""	""	""	"{'highway': 'secondary', 'lanes': '2', 'name': 'Calle Alto de la Villa', 'oneway': 'no', 'ref': 'CV-230'}"
"way"	"297610863"	"Calle Miguel Manrrubia Palasí"	""	""	""	""	""	""	""	"{'highway': 'residential', 'name': 'Calle Miguel Manrrubia Palasí'}"
"way"	"25493619"	"Calle Alto de la Villa"	""	""	""	""	""	""	""	"{'highway': 'secondary', 'lanes': '1', 'name': 'Calle Alto de la Villa', 'oneway': 'yes', 'ref': 'CV-230', 'sidewalk': 'left'}"
"way"	"50302934"	"Calle Clarinete"	""	""	""	""	""	""	""	"{'highway': 'residential', 'name': 'Calle Clarinete', 'oneway': 'yes'}"
"way"	"50302937"	"Calle Dulzaina"	""	""	""	""	""	""	""	"{'highway': 'residential', 'name': 'Calle Dulzaina', 'oneway': 'yes'}"
"way"	"144017949"	"Calle Miguel Manrrubia Palasí"	""	""	""	""	""	""	""	"{'highway': 'residential', 'name': 'Calle Miguel Manrrubia Palasí', 'oneway': 'yes'}"
"way"	"410091941"	"Calle Alto de la Villa"	""	""	""	""	""	""	""	"{'highway': 'secondary', 'lanes': '1', 'name': 'Calle Alto de la Villa', 'oneway': 'yes', 'ref': 'CV-230', 'sidewalk': 'right'}"
"way"	"49616818"	"Calle San Quintín"	""	""	""	""	""	""	""	"{'highway': 'living_street', 'name': 'Calle San Quintín', 'oneway': 'no'}"
"way"	"49616853"	"Calle Nuestra Señora de la Merced"	""	""	""	""	""	""	""	"{'highway': 'residential', 'name': 'Calle Nuestra Señora de la Merced', 'oneway': 'yes'}"
"way"	"49616854"	"Calle Nuestra Señora de la Merced"	""	""	""	""	""	""	""	"{'highway': 'residential', 'name': 'Calle Nuestra Señora de la Merced', 'oneway': 'yes'}"
"way"	"49616893"	"Calle San José"	""	""	""	""	""	""	""	"{'highway': 'residential', 'name': 'Calle San José', 'oneway': 'no'}"
"way"	"49616894"	"Calle Nuestra Señora de los Dolores"	""	""	""	""	""	""	""	"{'highway': 'residential', 'name': 'Calle Nuestra Señora de los Dolores', 'oneway': 'yes'}"
"way"	"49616895"	"Calle Fuente Chulià"	""	""	""	""	""	""	""	"{'highway': 'residential', 'name': 'Calle Fuente Chulià', 'oneway': 'yes'}"
"way"	"49616901"	"Calle San Quintín"	""	""	""	""	""	""	""	"{'highway': 'living_street', 'name': 'Calle San Quintín', 'oneway': 'yes'}"
"way"	"49616941"	"Calle Caridad"	""	""	""	""	""	""	""	"{'highway': 'residential', 'name': 'Calle Caridad', 'oneway': 'yes'}"
"way"	"49616981"	"Calle Vicente Joaquín Creixach"	""	""	""	""	""	""	""	"{'highway': 'residential', 'name': 'Calle Vicente Joaquín Creixach', 'oneway': 'yes'}"
"way"	"49617092"	"Calle 1 Barrio Carbonaire"	""	""	""	""	""	""	""	"{'highway': 'residential', 'name': 'Calle 1 Barrio Carbonaire', 'oneway': 'yes'}"
"way"	"49617098"	"Calle 3 Barrio Carbonaire"	""	""	""	""	""	""	""	"{'highway': 'residential', 'name': 'Calle 3 Barrio Carbonaire', 'oneway': 'yes'}"
"way"	"49617099"	"Calle 2 Barrio Carbonaire"	""	""	""	""	""	""	""	"{'highway': 'residential', 'name': 'Calle 2 Barrio Carbonaire', 'oneway': 'yes'}"
"way"	"49617129"	"Calle 3 Barrio Carbonaire"	""	""	""	""	""	""	""	"{'highway': 'living_street', 'name': 'Calle 3 Barrio Carbonaire', 'oneway': 'no'}"
"way"	"49617133"	"Calle 2 Barrio Carbonaire"	""	""	""	""	""	""	""	"{'highway': 'residential', 'name': 'Calle 2 Barrio Carbonaire', 'oneway': 'no'}"
"way"	"782493828"	"Calle Virgen de Fàtima"	""	""	""	""	""	""	""	"{'highway': 'residential', 'name': 'Calle Virgen de Fàtima', 'oneway': 'yes'}"
"way"	"1070478053"	"Calle Virgen de Fàtima"	""	""	""	""	""	""	""	"{'highway': 'residential', 'name': 'Calle Virgen de Fàtima', 'oneway': 'no'}"
"way"	"49616820"	"Calle Guzmán ""El Bueno"""	""	""	""	""	""	""	""	"{'highway': 'residential', 'name': 'Calle Guzmán ""El Bueno""', 'oneway': 'yes'}"
"way"	"49616834"	"Calle El Almacén"	""	""	""	""	""	""	""	"{'highway': 'residential', 'name': 'Calle El Almacén', 'oneway': 'yes'}"
"way"	"49616852"	"Calle San José"	""	""	""	""	""	""	""	"{'highway': 'residential', 'name': 'Calle San José', 'oneway': 'yes'}"
"way"	"49617055"	"Calle 6 Barrio Carbonaire"	""	""	""	""	""	""	""	"{'highway': 'residential', 'name': 'Calle 6 Barrio Carbonaire', 'oneway': 'yes'}"
"way"	"511325972"	"Calle 1 Barrio Carbonaire"	""	""	""	""	""	""	""	"{'highway': 'residential', 'name': 'Calle 1 Barrio Carbonaire', 'oneway': 'no'}"
"way"	"49617186"	"Calle 6 Barrio Carbonaire"	""	""	""	""	""	""	""	"{'highway': 'residential', 'name': 'Calle 6 Barrio Carbonaire', 'oneway': 'no'}"
"way"	"49778169"	"Calle Economato"	""	""	""	""	""	""	""	"{'highway': 'unclassified', 'name': 'Calle Economato', 'oneway': 'no'}"
"way"	"513298247"	"Calle de los Repuntadores"	""	""	""	""	""	""	""	"{'highway': 'residential', 'name': 'Calle de los Repuntadores', 'oneway': 'yes'}"
"way"	"513298248"	"Calle de los Cortadores"	""	""	""	""	""	""	""	"{'highway': 'residential', 'name': 'Calle de los Cortadores', 'oneway': 'yes'}"
"way"	"785271888"	"Calle de los Patronistas"	""	""	""	""	""	""	""	"{'highway': 'residential', 'name': 'Calle de los Patronistas', 'oneway': 'yes'}"
"way"	"49778067"	"Calle Aparadores"	""	""	""	""	""	""	""	"{'highway': 'residential', 'name': 'Calle Aparadores', 'oneway': 'yes'}"
"way"	"49778068"	"Calle Vulcanizado"	""	""	""	""	""	""	""	"{'highway': 'residential', 'name': 'Calle Vulcanizado', 'oneway': 'yes'}"
"way"	"49778167"	"Calle Fundición"	""	""	""	""	""	""	""	"{'highway': 'residential', 'name': 'Calle Fundición', 'oneway': 'yes'}"
"way"	"982876961"	"Calle Fundición"	""	""	""	""	""	""	""	"{'highway': 'residential', 'name': 'Calle Fundición', 'oneway': 'no'}"
"way"	"48824957"	"Calle Don Miguel Vicente Arnau Abad"	""	""	""	""	""	""	""	"{'highway': 'residential', 'name': 'Calle Don Miguel Vicente Arnau Abad', 'oneway': 'yes'}"
"way"	"49616993"	"Calle Padre Meliá"	""	""	""	""	""	""	""	"{'highway': 'residential', 'name': 'Calle Padre Meliá', 'oneway': 'yes'}"
"way"	"48824899"	"Calle Juan Capó"	""	""	""	""	""	""	""	"{'highway': 'residential', 'name': 'Calle Juan Capó', 'oneway': 'yes'}"
"way"	"49616824"	"Calle Arquitecto Meyer"	""	""	""	""	""	""	""	"{'highway': 'residential', 'name': 'Calle Arquitecto Meyer', 'oneway': 'no'}"
"way"	"48824874"	"Calle Médico José Simón Zapater."	""	""	""	""	""	""	""	"{'highway': 'residential', 'name': 'Calle Médico José Simón Zapater.', 'oneway': 'no'}"
"way"	"48824883"	"Calle Joaquín Rambla Castelló"	""	""	""	""	""	""	""	"{'highway': 'residential', 'name': 'Calle Joaquín Rambla Castelló', 'oneway': 'yes'}"
"way"	"48824890"	"Calle Mosén Ricardo Miralles Porcar"	""	""	""	""	""	""	""	"{'highway': 'residential', 'name': 'Calle Mosén Ricardo Miralles Porcar', 'oneway': 'no'}"
"way"	"48824939"	"Calle Juan Viruela Carreras"	""	""	""	""	""	""	""	"{'highway': 'residential', 'name': 'Calle Juan Viruela Carreras', 'oneway': 'no'}"
"way"	"48824950"	"Calle Mosén Ricardo Miralles Porcar"	""	""	""	""	""	""	""	"{'highway': 'residential', 'name': 'Calle Mosén Ricardo Miralles Porcar', 'oneway': 'yes'}"
"way"	"461391406"	"Calle Médico José Simón Zapater."	""	""	""	""	""	""	""	"{'highway': 'residential', 'name': 'Calle Médico José Simón Zapater.', 'oneway': 'no'}"
"way"	"461391414"	"Calle Mosén Ricardo Miralles Porcar"	""	""	""	""	""	""	""	"{'highway': 'residential', 'name': 'Calle Mosén Ricardo Miralles Porcar', 'oneway': 'yes'}"
"way"	"22878890"	"Calle Molino Marco"	""	""	""	""	""	""	""	"{'highway': 'tertiary', 'lanes': '2', 'name': 'Calle Molino Marco', 'oneway': 'yes', 'ref': 'CV-2281'}"
"way"	"22878892"	"Calle Molino Marco"	""	""	""	""	""	""	""	"{'highway': 'tertiary', 'lanes': '2', 'name': 'Calle Molino Marco', 'oneway': 'yes', 'ref': 'CV-2281'}"
"way"	"48824961"	"Calle Camino Fosaret"	""	""	""	""	""	""	""	"{'highway': 'residential', 'name': 'Calle Camino Fosaret', 'oneway': 'yes'}"
"way"	"48824986"	"Calle Camino Fosaret"	""	""	""	""	""	""	""	"{'highway': 'residential', 'name': 'Calle Camino Fosaret', 'oneway': 'yes'}"
"way"	"48825019"	"Calle de Mascarós"	""	""	""	""	""	""	""	"{'highway': 'residential', 'name': 'Calle de Mascarós', 'oneway': 'yes'}"
"way"	"461391407"	"Calle de los Fueros"	""	""	""	""	""	""	""	"{'highway': 'residential', 'name': 'Calle de los Fueros', 'oneway': 'yes'}"
"way"	"511537335"	"Calle Camino Fosaret"	""	""	""	""	""	""	""	"{'highway': 'residential', 'name': 'Calle Camino Fosaret', 'oneway': 'yes'}"
"way"	"49616826"	"Calle Regimiento Tetuán"	""	""	""	""	""	""	""	"{'highway': 'residential', 'lit': 'yes', 'name': 'Calle Regimiento Tetuán', 'oneway': 'yes', 'surface': 'asphalt'}"
"way"	"49616827"	"Calle Rincón Rambla"	""	""	""	""	""	""	""	"{'highway': 'living_street', 'name': 'Calle Rincón Rambla', 'oneway': 'yes'}"
"way"	"49616969"	"Calle Vicente Sanchís Tarazona"	""	""	""	""	""	""	""	"{'highway': 'residential', 'name': 'Calle Vicente Sanchís Tarazona', 'oneway': 'yes'}"
"way"	"49616970"	"Calle de la Concepción"	""	""	""	""	""	""	""	"{'highway': 'residential', 'name': 'Calle de la Concepción', 'oneway': 'yes'}"
"way"	"49616974"	"Calle la Soledad"	""	""	""	""	""	""	""	"{'highway': 'pedestrian', 'lit': 'yes', 'name': 'Calle la Soledad', 'oneway': 'no'}"
"way"	"49616975"	"Calle Huerto Sogueros"	""	""	""	""	""	""	""	"{'highway': 'pedestrian', 'lit': 'yes', 'name': 'Calle Huerto Sogueros', 'oneway': 'no'}"
"way"	"49616986"	"Calle Médico Badal"	""	""	""	""	""	""	""	"{'highway': 'residential', 'name': 'Calle Médico Badal', 'oneway': 'yes'}"
"way"	"49617059"	"Calle Maestro Giner"	""	""	""	""	""	""	""	"{'highway': 'residential', 'name': 'Calle Maestro Giner', 'oneway': 'yes'}"
"way"	"49617134"	"Calle Maestro Chapí"	""	""	""	""	""	""	""	"{'highway': 'residential', 'name': 'Calle Maestro Chapí', 'oneway': 'yes'}"
"way"	"49617143"	"Calle Guzmán ""El Bueno"""	""	""	""	""	""	""	""	"{'highway': 'residential', 'name': 'Calle Guzmán ""El Bueno""', 'oneway': 'yes'}"
"way"	"781099528"	"Calle Rincón Rambla"	""	""	""	""	""	""	""	"{'highway': 'residential', 'name': 'Calle Rincón Rambla', 'oneway': 'yes'}"
"way"	"49616991"	"Calle Zeneta"	""	""	""	""	""	""	""	"{'highway': 'living_street', 'name': 'Calle Zeneta', 'oneway': 'yes'}"
"way"	"49616998"	"Calle Jacinto Agustín"	""	""	""	""	""	""	""	"{'highway': 'living_street', 'name': 'Calle Jacinto Agustín', 'oneway': 'yes'}"
"way"	"49616999"	"Calle San Roque"	""	""	""	""	""	""	""	"{'highway': 'residential', 'name': 'Calle San Roque', 'oneway': 'yes'}"
"way"	"49617025"	"Calle San Roque"	""	""	""	""	""	""	""	"{'highway': 'residential', 'name': 'Calle San Roque', 'oneway': 'yes'}"
"way"	"49617045"	"Calle Azagador"	""	""	""	""	""	""	""	"{'highway': 'residential', 'name': 'Calle Azagador', 'oneway': 'no'}"
"way"	"49617193"	"Calle Espadán"	""	""	""	""	""	""	""	"{'highway': 'residential', 'lit': 'yes', 'name': 'Calle Espadán', 'oneway': 'yes', 'surface': 'asphalt'}"
"way"	"49685962"	"Calle Claveles"	""	""	""	""	""	""	""	"{'highway': 'residential', 'name': 'Calle Claveles', 'oneway': 'yes'}"
"way"	"49685964"	"Calle de los Ángeles"	""	""	""	""	""	""	""	"{'highway': 'residential', 'name': 'Calle de los Ángeles', 'oneway': 'yes'}"
"way"	"49685965"	"Calle paralela a los Ángeles"	""	""	""	""	""	""	""	"{'highway': 'residential', 'name': 'Calle paralela a los Ángeles', 'oneway': 'yes'}"
"way"	"49685968"	"Calle Almacén de la Valenciana"	""	""	""	""	""	""	""	"{'highway': 'residential', 'name': 'Calle Almacén de la Valenciana', 'oneway': 'yes'}"
"way"	"49685975"	"Calle San Juan"	""	""	""	""	""	""	""	"{'highway': 'living_street', 'name': 'Calle San Juan', 'oneway': 'no'}"
"way"	"49685976"	"Calle Jardines"	""	""	""	""	""	""	""	"{'highway': 'living_street', 'name': 'Calle Jardines', 'oneway': 'no'}"
"way"	"49685979"	"Calle San Bartolomé"	""	""	""	""	""	""	""	"{'highway': 'living_street', 'name': 'Calle San Bartolomé', 'oneway': 'no'}"
"way"	"461392059"	"Calle Claveles"	""	""	""	""	""	""	""	"{'highway': 'residential', 'name': 'Calle Claveles', 'oneway': 'yes'}"
"way"	"461392060"	"Calle de los Ángeles"	""	""	""	""	""	""	""	"{'highway': 'residential', 'name': 'Calle de los Ángeles', 'oneway': 'yes'}"
"way"	"512927800"	"Calle San Roque"	""	""	""	""	""	""	""	"{'highway': 'residential', 'name': 'Calle San Roque', 'oneway': 'yes'}"
"way"	"782778621"	"Calle San Roque"	""	""	""	""	""	""	""	"{'highway': 'residential', 'name': 'Calle San Roque', 'oneway': 'yes'}"
"way"	"782778631"	"Calle de los Ángeles"	""	""	""	""	""	""	""	"{'highway': 'residential', 'name': 'Calle de los Ángeles', 'oneway': 'yes'}"
"way"	"49617056"	"Calle 9 Barrio Carbonaire"	""	""	""	""	""	""	""	"{'highway': 'residential', 'name': 'Calle 9 Barrio Carbonaire', 'oneway': 'yes'}"
"way"	"49617060"	"Calle 11 Barrio Carbonaire"	""	""	""	""	""	""	""	"{'highway': 'residential', 'name': 'Calle 11 Barrio Carbonaire', 'oneway': 'yes'}"
"way"	"49617063"	"Calle 10 Barrio Carbonaire"	""	""	""	""	""	""	""	"{'highway': 'residential', 'name': 'Calle 10 Barrio Carbonaire', 'oneway': 'yes'}"
"way"	"49617081"	"Calle 12 Barrio Carbonaire"	""	""	""	""	""	""	""	"{'highway': 'residential', 'name': 'Calle 12 Barrio Carbonaire', 'oneway': 'yes'}"
"way"	"49685940"	"Calle de la Azucena"	""	""	""	""	""	""	""	"{'highway': 'residential', 'name': 'Calle de la Azucena', 'oneway': 'yes'}"
"way"	"782778625"	"Calle la Paz"	""	""	""	""	""	""	""	"{'highway': 'residential', 'name': 'Calle la Paz', 'oneway': 'yes'}"
"way"	"49617068"	"Calle Recingle de Beltrán"	""	""	""	""	""	""	""	"{'highway': 'living_street', 'name': 'Calle Recingle de Beltrán', 'oneway': 'no'}"
"way"	"49617171"	"Calle 12 Barrio Carbonaire"	""	""	""	""	""	""	""	"{'highway': 'residential', 'name': 'Calle 12 Barrio Carbonaire', 'oneway': 'no'}"
"way"	"49617178"	"Calle 11 Barrio Carbonaire"	""	""	""	""	""	""	""	"{'highway': 'residential', 'name': 'Calle 11 Barrio Carbonaire', 'oneway': 'no'}"
"way"	"49617181"	"Calle del Margallón"	""	""	""	""	""	""	""	"{'highway': 'residential', 'name': 'Calle del Margallón', 'oneway': 'yes'}"
"way"	"49617182"	"Calle 11 Barrio Carbonaire"	""	""	""	""	""	""	""	"{'highway': 'service', 'name': 'Calle 11 Barrio Carbonaire', 'oneway': 'no'}"
"way"	"49617183"	"Calle 10 Barrio Carbonaire"	""	""	""	""	""	""	""	"{'highway': 'residential', 'name': 'Calle 10 Barrio Carbonaire', 'oneway': 'no'}"
"way"	"49617184"	"Calle 9 Barrio Carbonaire"	""	""	""	""	""	""	""	"{'highway': 'residential', 'name': 'Calle 9 Barrio Carbonaire', 'oneway': 'no'}"
"way"	"49617205"	"Calle Barranco de l'Horteta"	""	""	""	""	""	""	""	"{'highway': 'residential', 'name': ""Calle Barranco de l'Horteta"", 'oneway': 'no'}"
"way"	"49685948"	"Calle del Santísimo Cristo"	""	""	""	""	""	""	""	"{'highway': 'residential', 'name': 'Calle del Santísimo Cristo', 'oneway': 'yes'}"
"way"	"49685950"	"Calle San Jacinto"	""	""	""	""	""	""	""	"{'highway': 'living_street', 'name': 'Calle San Jacinto', 'oneway': 'no'}"
"way"	"49685955"	"Calle de la Azucena"	""	""	""	""	""	""	""	"{'highway': 'living_street', 'name': 'Calle de la Azucena', 'oneway': 'no'}"
"way"	"49685956"	"Calle San Miguel"	""	""	""	""	""	""	""	"{'highway': 'residential', 'name': 'Calle San Miguel', 'oneway': 'yes'}"
"way"	"49685958"	"Calle San Andrés"	""	""	""	""	""	""	""	"{'highway': 'residential', 'name': 'Calle San Andrés', 'oneway': 'yes'}"
"way"	"49685959"	"Calle San Agustín"	""	""	""	""	""	""	""	"{'highway': 'residential', 'name': 'Calle San Agustín', 'oneway': 'yes'}"
"way"	"49685960"	"Calle San Agustín"	""	""	""	""	""	""	""	"{'highway': 'residential', 'name': 'Calle San Agustín', 'oneway': 'no'}"
"way"	"49685990"	"Calle Paralela a la Palmera"	""	""	""	""	""	""	""	"{'highway': 'residential', 'name': 'Calle Paralela a la Palmera', 'oneway': 'yes'}"
"way"	"782778626"	"Calle la Paz"	""	""	""	""	""	""	""	"{'highway': 'residential', 'name': 'Calle la Paz', 'oneway': 'no'}"
"way"	"785271879"	"Calle del Santísimo Cristo"	""	""	""	""	""	""	""	"{'highway': 'residential', 'name': 'Calle del Santísimo Cristo', 'oneway': 'yes'}"
"way"	"785271881"	"Calle San Miguel"	""	""	""	""	""	""	""	"{'highway': 'residential', 'name': 'Calle San Miguel', 'oneway': 'no'}"
"way"	"785271882"	"Calle del Santísimo Cristo"	""	""	""	""	""	""	""	"{'highway': 'residential', 'name': 'Calle del Santísimo Cristo', 'oneway': 'yes'}"
"way"	"132083879"	"Calle del Obispo Bienvenido Simancas"	""	""	""	""	""	""	""	"{'highway': 'residential', 'name': 'Calle del Obispo Bienvenido Simancas', 'oneway': 'yes'}"
"way"	"132083894"	"Calle de Juan Carlos I"	""	""	""	""	""	""	""	"{'highway': 'residential', 'name': 'Calle de Juan Carlos I', 'oneway': 'no', 'surface': 'paving_stones'}"
"way"	"132083907"	"Calle de Luís Vives"	""	""	""	""	""	""	""	"{'highway': 'residential', 'name': 'Calle de Luís Vives', 'oneway': 'no'}"
"way"	"132083941"	"Calle de la Baronía de Chilches"	""	""	""	""	""	""	""	"{'highway': 'residential', 'name': 'Calle de la Baronía de Chilches', 'oneway': 'yes'}"
"way"	"132083945"	"Calle de los Mártires"	""	""	""	""	""	""	""	"{'highway': 'residential', 'name': 'Calle de los Mártires', 'oneway': 'yes'}"
"way"	"132088759"	"Calle de Sofía Isach"	""	""	""	""	""	""	""	"{'highway': 'residential', 'name': 'Calle de Sofía Isach', 'oneway': 'yes'}"
"way"	"132343817"	"Calle del Condado de Almenara"	""	""	""	""	""	""	""	"{'highway': 'residential', 'name': 'Calle del Condado de Almenara', 'oneway': 'yes'}"
"way"	"361635757"	"Calle de Don Francisco Manzano Paradís"	""	""	""	""	""	""	""	"{'highway': 'residential', 'name': 'Calle de Don Francisco Manzano Paradís', 'oneway': 'yes'}"
"way"	"361635758"	"Calle de Hermes"	""	""	""	""	""	""	""	"{'highway': 'residential', 'name': 'Calle de Hermes', 'oneway': 'yes'}"
"way"	"361635761"	"Calle del Castellás"	""	""	""	""	""	""	""	"{'highway': 'residential', 'name': 'Calle del Castellás', 'oneway': 'yes'}"
"way"	"437447362"	"Calle de la Partida ""Els Plans"""	""	""	""	""	""	""	""	"{'highway': 'residential', 'name': 'Calle de la Partida ""Els Plans""', 'oneway': 'no'}"
"way"	"132083885"	"Calle de Don Julio Antón"	""	""	""	""	""	""	""	"{'highway': 'residential', 'name': 'Calle de Don Julio Antón', 'oneway': 'yes'}"
"way"	"132083890"	"Calle de Juan Montoliú"	""	""	""	""	""	""	""	"{'highway': 'residential', 'name': 'Calle de Juan Montoliú', 'oneway': 'yes'}"
"way"	"132083897"	"Calle de Juan Carlos I"	""	""	""	""	""	""	""	"{'highway': 'pedestrian', 'name': 'Calle de Juan Carlos I'}"
"way"	"132083925"	"Calle de la Cueva Santa"	""	""	""	""	""	""	""	"{'highway': 'residential', 'name': 'Calle de la Cueva Santa', 'oneway': 'yes'}"
"way"	"132083940"	"Calle Azahar"	""	""	""	""	""	""	""	"{'highway': 'residential', 'name': 'Calle Azahar', 'oneway': 'no'}"
"way"	"132083943"	"Calle de San Isidro"	""	""	""	""	""	""	""	"{'highway': 'residential', 'name': 'Calle de San Isidro', 'oneway': 'yes'}"
"way"	"132083954"	"Calle del Arquitecto Romaní"	""	""	""	""	""	""	""	"{'highway': 'residential', 'name': 'Calle del Arquitecto Romaní', 'oneway': 'yes'}"
"way"	"132088751"	"Calle del Padre Roque Melchor"	""	""	""	""	""	""	""	"{'highway': 'residential', 'name': 'Calle del Padre Roque Melchor', 'oneway': 'yes'}"
"way"	"132218596"	"Calle del Arbelló"	""	""	""	""	""	""	""	"{'highway': 'living_street', 'name': 'Calle del Arbelló', 'oneway': 'yes'}"
"way"	"361635762"	"Calle del Miliario"	""	""	""	""	""	""	""	"{'highway': 'residential', 'name': 'Calle del Miliario', 'oneway': 'yes'}"
"way"	"437447361"	"Calle de la Baronía de Chilches"	""	""	""	""	""	""	""	"{'highway': 'residential', 'name': 'Calle de la Baronía de Chilches', 'oneway': 'no'}"
"way"	"904584234"	"Calle del Obispo Bienvenido Simancas"	""	""	""	""	""	""	""	"{'highway': 'residential', 'name': 'Calle del Obispo Bienvenido Simancas', 'oneway': 'yes'}"
"way"	"221849075"	"Calle Cerezo"	""	""	""	""	""	""	""	"{'highway': 'residential', 'name': 'Calle Cerezo', 'source': 'Bing;Catastro'}"
"way"	"221849110"	"Calle Profesor Manuel Broseta"	""	""	""	""	""	""	""	"{'highway': 'residential', 'name': 'Calle Profesor Manuel Broseta', 'source': 'Bing;Catastro'}"
"way"	"1038837371"	"Calle Cerezo"	""	""	""	""	""	""	""	"{'highway': 'residential', 'name': 'Calle Cerezo', 'oneway': 'yes', 'source': 'Esri and GPS 2022 Parie'}"
"way"	"361635765"	"Calle de Don Francisco Manzano Paradís"	""	""	""	""	""	""	""	"{'highway': 'pedestrian', 'name': 'Calle de Don Francisco Manzano Paradís'}"
"way"	"132083896"	"Calle de la Partida ""Els Plans"""	""	""	""	""	""	""	""	"{'highway': 'residential', 'name': 'Calle de la Partida ""Els Plans""', 'oneway': 'yes'}"
"way"	"132083914"	"Calle de Pedro el Ceremonioso"	""	""	""	""	""	""	""	"{'highway': 'residential', 'name': 'Calle de Pedro el Ceremonioso', 'oneway': 'yes'}"
"way"	"132343816"	"Calle de Clix"	""	""	""	""	""	""	""	"{'highway': 'residential', 'name': 'Calle de Clix', 'oneway': 'yes'}"
"way"	"132414021"	"Calle de los Hermanos Margalló"	""	""	""	""	""	""	""	"{'highway': 'residential', 'name': 'Calle de los Hermanos Margalló', 'oneway': 'no'}"
"way"	"437447360"	"Calle de la Baronía de Chilches"	""	""	""	""	""	""	""	"{'highway': 'residential', 'name': 'Calle de la Baronía de Chilches', 'oneway': 'no'}"
"way"	"314102234"	"Calle de Juan de Austria"	""	""	""	""	""	""	""	"{'highway': 'residential', 'name': 'Calle de Juan de Austria', 'oneway': 'yes'}"
"way"	"314102233"	"Calle de Juan de Austria"	""	""	""	""	""	""	""	"{'highway': 'residential', 'name': 'Calle de Juan de Austria', 'oneway': 'yes'}"
"way"	"314102235"	"Calle de Juan de Austria"	""	""	""	""	""	""	""	"{'highway': 'residential', 'name': 'Calle de Juan de Austria', 'oneway': 'no'}"
"way"	"314102386"	"Calle del Alto Palancia"	""	""	""	""	""	""	""	"{'highway': 'pedestrian', 'name': 'Calle del Alto Palancia'}"
"way"	"314102387"	"Calle del Bajo Maestrazgo"	""	""	""	""	""	""	""	"{'highway': 'living_street', 'name': 'Calle del Bajo Maestrazgo', 'oneway': 'no'}"
"way"	"314102328"	"Calle de Vicente Ramón Alós"	""	""	""	""	""	""	""	"{'highway': 'residential', 'name': 'Calle de Vicente Ramón Alós', 'oneway': 'no'}"
"way"	"314102369"	"Calle de los Derechos Humanos"	""	""	""	""	""	""	""	"{'highway': 'residential', 'name': 'Calle de los Derechos Humanos', 'oneway': 'no'}"
"way"	"314102165"	"Calle de Argelita"	""	""	""	""	""	""	""	"{'highway': 'residential', 'name': 'Calle de Argelita', 'oneway': 'yes'}"
"way"	"314102209"	"Calle de Dédalo"	""	""	""	""	""	""	""	"{'highway': 'pedestrian', 'name': 'Calle de Dédalo'}"
"way"	"511537344"	"Calle de Cálig"	""	""	""	""	""	""	""	"{'highway': 'footway', 'name': 'Calle de Cálig'}"
"way"	"511537391"	"Calle de Dédalo"	""	""	""	""	""	""	""	"{'highway': 'footway', 'name': 'Calle de Dédalo'}"
"way"	"314102371"	"Calle de los Hermanos Pinzón"	""	""	""	""	""	""	""	"{'highway': 'residential', 'name': 'Calle de los Hermanos Pinzón', 'oneway': 'yes'}"
"way"	"221646338"	"Calle de Canarias"	""	""	""	""	""	""	""	"{'highway': 'pedestrian', 'name': 'Calle de Canarias'}"
"way"	"221646340"	"Calle de los Hermanos Pinzón"	""	""	""	""	""	""	""	"{'highway': 'pedestrian', 'name': 'Calle de los Hermanos Pinzón'}"
"way"	"314102188"	"Calle de Canarias"	""	""	""	""	""	""	""	"{'highway': 'residential', 'name': 'Calle de Canarias', 'oneway': 'no'}"
"way"	"314102189"	"Calle de Canarias"	""	""	""	""	""	""	""	"{'highway': 'residential', 'name': 'Calle de Canarias', 'oneway': 'no'}"
"way"	"293573688"	"Calle Barranco de la Murta"	""	""	""	""	""	""	""	"{'highway': 'residential', 'name': 'Calle Barranco de la Murta', 'oneway': 'no'}"
"way"	"293573765"	"Calle de la Prisión"	""	""	""	""	""	""	""	"{'access': 'destination', 'highway': 'living_street', 'name': 'Calle de la Prisión', 'oneway': 'no'}"
"way"	"293573768"	"Calle de la Prisión"	""	""	""	""	""	""	""	"{'highway': 'steps', 'name': 'Calle de la Prisión'}"
"way"	"37178083"	"Calle Luís Lucía"	""	""	""	""	""	""	""	"{'highway': 'residential', 'name': 'Calle Luís Lucía', 'oneway': 'no'}"
"way"	"37178092"	"Calle Faustino Valentín Torrejón"	""	""	""	""	""	""	""	"{'highway': 'residential', 'name': 'Calle Faustino Valentín Torrejón', 'oneway': 'yes'}"
"way"	"37418608"	"Calle de la Puja"	""	""	""	""	""	""	""	"{'highway': 'tertiary', 'lanes': '1', 'name': 'Calle de la Puja', 'oneway': 'yes', 'ref': 'CV-2220'}"
"way"	"441634481"	"Calle de la Puja"	""	""	""	""	""	""	""	"{'highway': 'tertiary', 'lanes': '1', 'name': 'Calle de la Puja', 'oneway': 'yes', 'ref': 'CV-2220'}"
"way"	"386998524"	"Calle San Bartolomé"	""	""	""	""	""	""	""	"{'highway': 'tertiary', 'name': 'Calle San Bartolomé', 'oneway': 'yes', 'ref': 'CV-2262'}"
"way"	"37091606"	"Calle Padre Tomás Lucas"	""	""	""	""	""	""	""	"{'highway': 'tertiary', 'name': 'Calle Padre Tomás Lucas', 'oneway': 'no'}"
"way"	"37177995"	"Calle Madre María Rosa Molas"	""	""	""	""	""	""	""	"{'highway': 'residential', 'name': 'Calle Madre María Rosa Molas', 'oneway': 'no'}"
"way"	"37178025"	"Calle Santa María Josefa del Corazón de Jesús"	""	""	""	""	""	""	""	"{'highway': 'residential', 'name': 'Calle Santa María Josefa del Corazón de Jesús', 'oneway': 'yes'}"
"way"	"37178027"	"Calle Francisco Tárrega"	""	""	""	""	""	""	""	"{'highway': 'residential', 'name': 'Calle Francisco Tárrega', 'oneway': 'no'}"
"way"	"37178028"	"Calle María Luisa Sanz Martín"	""	""	""	""	""	""	""	"{'highway': 'residential', 'name': 'Calle María Luisa Sanz Martín', 'oneway': 'yes'}"
"way"	"370454526"	"Calle Francisco Tárrega"	""	""	""	""	""	""	""	"{'highway': 'residential', 'name': 'Calle Francisco Tárrega', 'oneway': 'yes'}"
"way"	"370454539"	"Calle Santa María Josefa del Corazón de Jesús"	""	""	""	""	""	""	""	"{'highway': 'residential', 'name': 'Calle Santa María Josefa del Corazón de Jesús', 'oneway': 'yes'}"
"way"	"302293179"	"Calle del Camino de la Vall"	""	""	""	""	""	""	""	"{'highway': 'tertiary', 'lanes': '1', 'name': 'Calle del Camino de la Vall', 'oneway': 'yes', 'ref': 'CV-2250'}"
"way"	"441635723"	"Calle del Camino de la Vall"	""	""	""	""	""	""	""	"{'highway': 'tertiary', 'lanes': '1', 'name': 'Calle del Camino de la Vall', 'oneway': 'yes', 'ref': 'CV-2250'}"
"way"	"37091570"	"Calle Mariano Huesa"	""	""	""	""	""	""	""	"{'highway': 'residential', 'name': 'Calle Mariano Huesa', 'oneway': 'yes'}"
"way"	"376713118"	"Calle de la Senda Olivereta"	""	""	""	""	""	""	""	"{'highway': 'residential', 'name': 'Calle de la Senda Olivereta', 'oneway': 'no'}"
"way"	"37418613"	"Calle Mariano Huesa"	""	""	""	""	""	""	""	"{'highway': 'residential', 'name': 'Calle Mariano Huesa', 'oneway': 'yes'}"
"way"	"37091568"	"Calle San Felipe"	""	""	""	""	""	""	""	"{'highway': 'residential', 'name': 'Calle San Felipe', 'oneway': 'no'}"
"way"	"37178009"	"Calle San Agustín"	""	""	""	""	""	""	""	"{'highway': 'residential', 'name': 'Calle San Agustín', 'oneway': 'no'}"
"way"	"166689243"	"Calle de Extramuros"	""	""	""	""	""	""	""	"{'highway': 'residential', 'name': 'Calle de Extramuros', 'oneway': 'no'}"
"way"	"166689246"	"Calle de Extramuros"	""	""	""	""	""	""	""	"{'highway': 'residential', 'name': 'Calle de Extramuros', 'oneway': 'yes'}"
"way"	"151091292"	"Calle del Secano"	""	""	""	""	""	""	""	"{'highway': 'residential', 'lanes': '1', 'name': 'Calle del Secano', 'oneway': 'yes'}"
"way"	"306413946"	"Calle Enmedio"	""	""	""	""	""	""	""	"{'highway': 'living_street', 'name': 'Calle Enmedio', 'oneway': 'no'}"
"way"	"504586258"	"Calle del Secano"	""	""	""	""	""	""	""	"{'highway': 'residential', 'lanes': '1', 'name': 'Calle del Secano', 'oneway': 'yes'}"
"way"	"127602521"	"Calle de Abajo"	""	""	""	""	""	""	""	"{'highway': 'living_street', 'name': 'Calle de Abajo', 'oneway': 'no'}"
"way"	"127602522"	"Calle de Arriba"	""	""	""	""	""	""	""	"{'highway': 'living_street', 'name': 'Calle de Arriba', 'oneway': 'no'}"
"way"	"308414356"	"Calle de Abajo"	""	""	""	""	""	""	""	"{'highway': 'living_street', 'name': 'Calle de Abajo', 'oneway': 'no'}"
"way"	"308414357"	"Calle de Arriba"	""	""	""	""	""	""	""	"{'highway': 'steps', 'name': 'Calle de Arriba'}"
"way"	"308414358"	"Calle de Arriba"	""	""	""	""	""	""	""	"{'highway': 'living_street', 'name': 'Calle de Arriba', 'oneway': 'no'}"
"way"	"308414359"	"Calle de Arriba"	""	""	""	""	""	""	""	"{'highway': 'living_street', 'name': 'Calle de Arriba', 'oneway': 'no'}"
"way"	"308414360"	"Calle de Arriba"	""	""	""	""	""	""	""	"{'highway': 'living_street', 'name': 'Calle de Arriba', 'oneway': 'no'}"
"way"	"45780751"	"Calle Arrabal de la Fuente"	""	""	""	""	""	""	""	"{'highway': 'living_street', 'name': 'Calle Arrabal de la Fuente'}"
"way"	"45780752"	"Calle del Horno Viejo"	""	""	""	""	""	""	""	"{'highway': 'living_street', 'name': 'Calle del Horno Viejo'}"
"way"	"45780754"	"Calle Arrabal de la Fuente"	""	""	""	""	""	""	""	"{'highway': 'living_street', 'name': 'Calle Arrabal de la Fuente'}"
"way"	"45780773"	"Calle del Horno Viejo"	""	""	""	""	""	""	""	"{'highway': 'living_street', 'name': 'Calle del Horno Viejo'}"
"way"	"45780780"	"Calle Mortes"	""	""	""	""	""	""	""	"{'highway': 'living_street', 'name': 'Calle Mortes', 'oneway': 'no'}"
"way"	"45780781"	"Calle Mortes"	""	""	""	""	""	""	""	"{'highway': 'living_street', 'name': 'Calle Mortes'}"
"way"	"45780783"	"Calle Arrabal de la Fuente"	""	""	""	""	""	""	""	"{'highway': 'living_street', 'name': 'Calle Arrabal de la Fuente'}"
"way"	"304240173"	"Calle El Cerro"	""	""	""	""	""	""	""	"{'highway': 'living_street', 'name': 'Calle El Cerro', 'oneway': 'no'}"
"way"	"304240174"	"Calle El Cerro"	""	""	""	""	""	""	""	"{'highway': 'living_street', 'name': 'Calle El Cerro', 'oneway': 'no'}"
"way"	"304240192"	"Calle de Las Eras"	""	""	""	""	""	""	""	"{'highway': 'steps', 'name': 'Calle de Las Eras'}"
"way"	"304240224"	"Calle de la Huerta de la Villa"	""	""	""	""	""	""	""	"{'highway': 'living_street', 'name': 'Calle de la Huerta de la Villa', 'oneway': 'no'}"
"way"	"304240225"	"Calle de la Huerta de la Villa"	""	""	""	""	""	""	""	"{'highway': 'living_street', 'name': 'Calle de la Huerta de la Villa', 'oneway': 'no'}"
"way"	"219270815"	"Calle de los Almendros"	""	""	""	""	""	""	""	"{'highway': 'residential', 'name': 'Calle de los Almendros', 'oneway': 'no'}"
"way"	"219270816"	"Calle de los Algarrobos"	""	""	""	""	""	""	""	"{'highway': 'residential', 'name': 'Calle de los Algarrobos', 'oneway': 'no'}"
"way"	"219270821"	"Calle de los Chopos"	""	""	""	""	""	""	""	"{'highway': 'residential', 'name': 'Calle de los Chopos', 'oneway': 'no'}"
"way"	"219270811"	"Calle de la Higuera"	""	""	""	""	""	""	""	"{'highway': 'residential', 'name': 'Calle de la Higuera', 'oneway': 'no'}"
"way"	"219270812"	"Calle del Alcornoque"	""	""	""	""	""	""	""	"{'highway': 'residential', 'name': 'Calle del Alcornoque', 'oneway': 'no'}"
"way"	"219270813"	"Calle del Laurel"	""	""	""	""	""	""	""	"{'highway': 'residential', 'name': 'Calle del Laurel', 'oneway': 'no'}"
"way"	"219270817"	"Calle de los Lidoneros"	""	""	""	""	""	""	""	"{'highway': 'residential', 'name': 'Calle de los Lidoneros', 'oneway': 'no'}"
"way"	"219270818"	"Calle de los Olivos"	""	""	""	""	""	""	""	"{'highway': 'residential', 'name': 'Calle de los Olivos', 'oneway': 'no'}"
"way"	"219270819"	"Calle de los Pinos"	""	""	""	""	""	""	""	"{'highway': 'residential', 'name': 'Calle de los Pinos', 'oneway': 'no'}"
"way"	"303355531"	"Calle Seca"	""	""	""	""	""	""	""	"{'highway': 'living_street', 'name': 'Calle Seca', 'oneway': 'no'}"
"way"	"303355551"	"Calle de las Cruces"	""	""	""	""	""	""	""	"{'highway': 'pedestrian', 'name': 'Calle de las Cruces'}"
"way"	"286919666"	"Calle de las Cuatro Esquinas"	""	""	""	""	""	""	""	"{'highway': 'steps', 'name': 'Calle de las Cuatro Esquinas'}"
"way"	"286919668"	"Calle de las Cuatro Esquinas"	""	""	""	""	""	""	""	"{'highway': 'service', 'name': 'Calle de las Cuatro Esquinas', 'oneway': 'no', 'service': 'alley'}"
"way"	"47333764"	"Calle de Herminia Landerer"	""	""	""	""	""	""	""	"{'highway': 'residential', 'lanes': '2', 'maxspeed': '30', 'name': 'Calle de Herminia Landerer', 'oneway': 'no', 'sidewalk': 'both'}"
"way"	"47333787"	"Calle las Cepas"	""	""	""	""	""	""	""	"{'highway': 'residential', 'name': 'Calle las Cepas', 'oneway': 'no'}"
"way"	"47333789"	"Calle las Cepas"	""	""	""	""	""	""	""	"{'highway': 'residential', 'name': 'Calle las Cepas', 'oneway': 'no'}"
"way"	"47333970"	"Calle los Naranjos"	""	""	""	""	""	""	""	"{'highway': 'residential', 'name': 'Calle los Naranjos', 'oneway': 'no'}"
"way"	"199010551"	"Calle Elx de la Sierra"	""	""	""	""	""	""	""	"{'highway': 'residential', 'name': 'Calle Elx de la Sierra', 'oneway': 'yes'}"
"way"	"199010553"	"Calle Maestro Juan Franch"	""	""	""	""	""	""	""	"{'highway': 'residential', 'name': 'Calle Maestro Juan Franch', 'oneway': 'yes'}"
"way"	"199010554"	"Calle Santiago de l'Espada"	""	""	""	""	""	""	""	"{'highway': 'residential', 'name': ""Calle Santiago de l'Espada"", 'oneway': 'yes'}"
"way"	"47333741"	"Calle del Roch"	""	""	""	""	""	""	""	"{'highway': 'residential', 'name': 'Calle del Roch', 'oneway': 'yes'}"
"way"	"47333807"	"Calle Concepción"	""	""	""	""	""	""	""	"{'highway': 'residential', 'name': 'Calle Concepción', 'oneway': 'yes'}"
"way"	"47333815"	"Calle Médico Don José Llidó"	""	""	""	""	""	""	""	"{'highway': 'residential', 'name': 'Calle Médico Don José Llidó', 'oneway': 'yes'}"
"way"	"47333827"	"Calle Maestro Giner"	""	""	""	""	""	""	""	"{'highway': 'residential', 'name': 'Calle Maestro Giner', 'oneway': 'yes'}"
"way"	"47333841"	"Calle Maestro Ismael Peris"	""	""	""	""	""	""	""	"{'highway': 'residential', 'name': 'Calle Maestro Ismael Peris', 'oneway': 'no'}"
"way"	"47333842"	"Calle Cristo Obrero"	""	""	""	""	""	""	""	"{'highway': 'residential', 'name': 'Calle Cristo Obrero', 'oneway': 'yes'}"
"way"	"47333875"	"Calle Ludiente"	""	""	""	""	""	""	""	"{'highway': 'residential', 'name': 'Calle Ludiente', 'oneway': 'no'}"
"way"	"47333876"	"Calle Maestro Rodrigo"	""	""	""	""	""	""	""	"{'highway': 'residential', 'name': 'Calle Maestro Rodrigo', 'oneway': 'yes'}"
"way"	"47333885"	"Calle Maestro Tárrega"	""	""	""	""	""	""	""	"{'highway': 'residential', 'name': 'Calle Maestro Tárrega', 'oneway': 'yes'}"
"way"	"47333890"	"Calle Maestro Juan Bautista Ramos"	""	""	""	""	""	""	""	"{'highway': 'residential', 'name': 'Calle Maestro Juan Bautista Ramos', 'oneway': 'yes'}"
"way"	"47333908"	"Calle Maestro Ismael Peris"	""	""	""	""	""	""	""	"{'highway': 'residential', 'name': 'Calle Maestro Ismael Peris', 'oneway': 'no'}"
"way"	"47333974"	"Calle Virgen de los Ángeles"	""	""	""	""	""	""	""	"{'highway': 'residential', 'name': 'Calle Virgen de los Ángeles', 'oneway': 'yes'}"
"way"	"47333981"	"Calle Historiador Bernardo Mundina"	""	""	""	""	""	""	""	"{'highway': 'residential', 'name': 'Calle Historiador Bernardo Mundina', 'oneway': 'no'}"
"way"	"47333983"	"Calle los Naranjos"	""	""	""	""	""	""	""	"{'highway': 'residential', 'name': 'Calle los Naranjos', 'oneway': 'yes'}"
"way"	"47333991"	"Calle Recinto"	""	""	""	""	""	""	""	"{'highway': 'residential', 'name': 'Calle Recinto', 'oneway': 'no'}"
"way"	"47334032"	"Calle Monseñor Fernando Ferris"	""	""	""	""	""	""	""	"{'highway': 'residential', 'name': 'Calle Monseñor Fernando Ferris', 'oneway': 'yes'}"
"way"	"47334035"	"Calle Alfonso Pallarés"	""	""	""	""	""	""	""	"{'highway': 'residential', 'name': 'Calle Alfonso Pallarés', 'oneway': 'yes'}"
"way"	"47700890"	"Calle San Luís"	""	""	""	""	""	""	""	"{'highway': 'residential', 'name': 'Calle San Luís', 'oneway': 'yes'}"
"way"	"47333761"	"Calle Médico Don José Llidó"	""	""	""	""	""	""	""	"{'highway': 'residential', 'name': 'Calle Médico Don José Llidó', 'oneway': 'no'}"
"way"	"47333762"	"Calle de Anselmo Coyne"	""	""	""	""	""	""	""	"{'highway': 'residential', 'name': 'Calle de Anselmo Coyne', 'oneway': 'no'}"
"way"	"47333768"	"Calle de Anselmo Coyne"	""	""	""	""	""	""	""	"{'highway': 'residential', 'lanes': '1', 'name': 'Calle de Anselmo Coyne', 'oneway': 'yes', 'sidewalk': 'both'}"
"way"	"47333775"	"Calle La Haya"	""	""	""	""	""	""	""	"{'highway': 'residential', 'name': 'Calle La Haya', 'oneway': 'yes'}"
"way"	"47333832"	"Calle San Fermín"	""	""	""	""	""	""	""	"{'highway': 'residential', 'name': 'Calle San Fermín', 'oneway': 'no'}"
"way"	"47333846"	"Calle Virgen del Perfecto Socorro"	""	""	""	""	""	""	""	"{'highway': 'residential', 'name': 'Calle Virgen del Perfecto Socorro', 'oneway': 'yes'}"
"way"	"47333850"	"Calle de Anselmo Coyne"	""	""	""	""	""	""	""	"{'highway': 'residential', 'junction': 'circular', 'lanes': '1', 'name': 'Calle de Anselmo Coyne', 'oneway': 'yes', 'sidewalk': 'right'}"
"way"	"47333856"	"Calle Maestro Padilla"	""	""	""	""	""	""	""	"{'highway': 'living_street', 'name': 'Calle Maestro Padilla', 'oneway': 'no'}"
"way"	"47333736"	"Calle Ros de Ursinos"	""	""	""	""	""	""	""	"{'highway': 'residential', 'name': 'Calle Ros de Ursinos', 'oneway': 'yes'}"
"way"	"47333738"	"Calle Río Mijares"	""	""	""	""	""	""	""	"{'highway': 'residential', 'name': 'Calle Río Mijares', 'oneway': 'yes'}"
"way"	"47333739"	"Calle San Bernardo"	""	""	""	""	""	""	""	"{'highway': 'residential', 'name': 'Calle San Bernardo', 'oneway': 'yes'}"
"way"	"47333743"	"Calle Recinto"	""	""	""	""	""	""	""	"{'highway': 'residential', 'name': 'Calle Recinto', 'oneway': 'yes'}"
"way"	"47333772"	"Calle Médico Ricardo Gil"	""	""	""	""	""	""	""	"{'highway': 'residential', 'name': 'Calle Médico Ricardo Gil', 'oneway': 'yes'}"
"way"	"47333776"	"Calle San Joaquín"	""	""	""	""	""	""	""	"{'highway': 'residential', 'name': 'Calle San Joaquín', 'oneway': 'yes'}"
"way"	"47333777"	"Calle San Elías"	""	""	""	""	""	""	""	"{'highway': 'service', 'name': 'Calle San Elías', 'oneway': 'yes', 'service': 'alley'}"
"way"	"47333804"	"Calle Padre Ten"	""	""	""	""	""	""	""	"{'highway': 'residential', 'name': 'Calle Padre Ten', 'oneway': 'no'}"
"way"	"47333808"	"Calle Rafael Gayá Llopis"	""	""	""	""	""	""	""	"{'highway': 'residential', 'name': 'Calle Rafael Gayá Llopis', 'oneway': 'no'}"
"way"	"47333809"	"Calle San Elías"	""	""	""	""	""	""	""	"{'highway': 'residential', 'name': 'Calle San Elías', 'oneway': 'no'}"
"way"	"47333810"	"Calle Médico Don José Llidó"	""	""	""	""	""	""	""	"{'highway': 'residential', 'name': 'Calle Médico Don José Llidó', 'oneway': 'no'}"
"way"	"47333811"	"Calle San Elías"	""	""	""	""	""	""	""	"{'highway': 'residential', 'name': 'Calle San Elías', 'oneway': 'yes'}"
"way"	"47333814"	"Calle Médico Don José Llidó"	""	""	""	""	""	""	""	"{'highway': 'residential', 'name': 'Calle Médico Don José Llidó', 'oneway': 'yes'}"
"way"	"47333816"	"Calle Médico Juan Insa"	""	""	""	""	""	""	""	"{'highway': 'residential', 'name': 'Calle Médico Juan Insa', 'oneway': 'yes'}"
"way"	"47333829"	"Calle San Jorge"	""	""	""	""	""	""	""	"{'highway': 'residential', 'name': 'Calle San Jorge', 'oneway': 'yes'}"
"way"	"47333833"	"Calle Maestro Caballero"	""	""	""	""	""	""	""	"{'highway': 'residential', 'name': 'Calle Maestro Caballero', 'oneway': 'yes'}"
"way"	"47333835"	"Calle Médico Miguel Ximeno"	""	""	""	""	""	""	""	"{'highway': 'residential', 'name': 'Calle Médico Miguel Ximeno', 'oneway': 'yes'}"
"way"	"47333859"	"Calle Maestro Giner"	""	""	""	""	""	""	""	"{'highway': 'residential', 'name': 'Calle Maestro Giner', 'oneway': 'yes'}"
"way"	"47333870"	"Calle Canónigo Vilar"	""	""	""	""	""	""	""	"{'highway': 'residential', 'name': 'Calle Canónigo Vilar', 'oneway': 'yes'}"
"way"	"47333872"	"Calle Padre Salvador Barri"	""	""	""	""	""	""	""	"{'highway': 'residential', 'name': 'Calle Padre Salvador Barri', 'oneway': 'yes'}"
"way"	"47333889"	"Calle Cristo Obrero"	""	""	""	""	""	""	""	"{'highway': 'pedestrian', 'name': 'Calle Cristo Obrero'}"
"way"	"47333891"	"Calle Vicente Miguel Ximeno"	""	""	""	""	""	""	""	"{'highway': 'steps', 'name': 'Calle Vicente Miguel Ximeno'}"
"way"	"47333892"	"Calle Cristo Obrero"	""	""	""	""	""	""	""	"{'highway': 'residential', 'name': 'Calle Cristo Obrero', 'oneway': 'yes'}"
"way"	"47333982"	"Calle Recinto"	""	""	""	""	""	""	""	"{'highway': 'residential', 'name': 'Calle Recinto', 'oneway': 'yes'}"
"way"	"47333984"	"Calle San Valentín"	""	""	""	""	""	""	""	"{'highway': 'steps', 'name': 'Calle San Valentín'}"
"way"	"47333985"	"Calle San Valentín"	""	""	""	""	""	""	""	"{'highway': 'residential', 'name': 'Calle San Valentín', 'oneway': 'no'}"
"way"	"47333992"	"Calle Historiador Bernardo Mundina"	""	""	""	""	""	""	""	"{'highway': 'steps', 'name': 'Calle Historiador Bernardo Mundina'}"
"way"	"47333993"	"Calle San Andrés"	""	""	""	""	""	""	""	"{'highway': 'service', 'name': 'Calle San Andrés', 'service': 'alley'}"
"way"	"47333995"	"Calle Historiador Bernardo Mundina"	""	""	""	""	""	""	""	"{'highway': 'residential', 'name': 'Calle Historiador Bernardo Mundina', 'oneway': 'yes'}"
"way"	"47333996"	"Calle Cura Miralles"	""	""	""	""	""	""	""	"{'highway': 'service', 'name': 'Calle Cura Miralles', 'oneway': 'no', 'service': 'alley'}"
"way"	"47334004"	"Calle San Caralampio"	""	""	""	""	""	""	""	"{'highway': 'service', 'name': 'Calle San Caralampio', 'oneway': 'no', 'service': 'alley'}"
"way"	"47334043"	"Calle San Blas"	""	""	""	""	""	""	""	"{'highway': 'service', 'name': 'Calle San Blas', 'oneway': 'yes', 'service': 'alley'}"
"way"	"47700886"	"Calle San Francisco"	""	""	""	""	""	""	""	"{'highway': 'service', 'name': 'Calle San Francisco', 'service': 'alley'}"
"way"	"547533673"	"Calle San Miguel"	""	""	""	""	""	""	""	"{'highway': 'residential', 'lanes': '1', 'maxspeed': '40', 'name': 'Calle San Miguel', 'oneway': 'yes'}"
"way"	"547533674"	"Calle San Miguel"	""	""	""	""	""	""	""	"{'highway': 'residential', 'lanes': '1', 'maxspeed': '40', 'name': 'Calle San Miguel', 'oneway': 'yes'}"
"way"	"609975463"	"Calle San Joaquín"	""	""	""	""	""	""	""	"{'highway': 'service', 'name': 'Calle San Joaquín', 'oneway': 'yes', 'service': 'alley'}"
"way"	"609975464"	"Calle San Elías"	""	""	""	""	""	""	""	"{'highway': 'residential', 'name': 'Calle San Elías', 'oneway': 'yes'}"
"way"	"610163982"	"Calle San Blas"	""	""	""	""	""	""	""	"{'highway': 'residential', 'name': 'Calle San Blas', 'oneway': 'yes'}"
"way"	"661409728"	"Calle Maestro Juan Bautista Ramos"	""	""	""	""	""	""	""	"{'highway': 'residential', 'name': 'Calle Maestro Juan Bautista Ramos', 'oneway': 'yes'}"
"way"	"661409729"	"Calle Maestro Tárrega"	""	""	""	""	""	""	""	"{'highway': 'residential', 'name': 'Calle Maestro Tárrega', 'oneway': 'yes'}"
"way"	"770242882"	"Calle Padre Ten"	""	""	""	""	""	""	""	"{'highway': 'residential', 'name': 'Calle Padre Ten', 'oneway': 'yes'}"
"way"	"47333989"	"Calle Garcerán"	""	""	""	""	""	""	""	"{'highway': 'service', 'name': 'Calle Garcerán', 'oneway': 'no', 'service': 'alley'}"
"way"	"47334011"	"Calle Concilio Vaticano II"	""	""	""	""	""	""	""	"{'highway': 'residential', 'name': 'Calle Concilio Vaticano II', 'oneway': 'no'}"
"way"	"47334012"	"Calle del Buen Pastor"	""	""	""	""	""	""	""	"{'highway': 'residential', 'name': 'Calle del Buen Pastor', 'oneway': 'no'}"
"way"	"47334015"	"Calle la Paz"	""	""	""	""	""	""	""	"{'highway': 'residential', 'name': 'Calle la Paz', 'oneway': 'yes'}"
"way"	"47333952"	"Calle Ingeniero Echegaray"	""	""	""	""	""	""	""	"{'highway': 'residential', 'lanes': '2', 'name': 'Calle Ingeniero Echegaray', 'oneway': 'no', 'sidewalk': 'both'}"
"way"	"47334010"	"Calle San Bartolomé"	""	""	""	""	""	""	""	"{'highway': 'residential', 'name': 'Calle San Bartolomé', 'oneway': 'yes'}"
"way"	"47334027"	"Calle Doctor Isidro Peris"	""	""	""	""	""	""	""	"{'highway': 'residential', 'name': 'Calle Doctor Isidro Peris', 'oneway': 'yes'}"
"way"	"47334060"	"Calle los Fueros"	""	""	""	""	""	""	""	"{'highway': 'residential', 'name': 'Calle los Fueros', 'oneway': 'yes'}"
"way"	"47334076"	"Calle Ben Alabbar"	""	""	""	""	""	""	""	"{'highway': 'residential', 'name': 'Calle Ben Alabbar', 'oneway': 'yes'}"
"way"	"47334077"	"Calle Alfonso el Magnánimo"	""	""	""	""	""	""	""	"{'highway': 'residential', 'name': 'Calle Alfonso el Magnánimo', 'oneway': 'yes'}"
"way"	"47361761"	"Calle Racholar de Matilda"	""	""	""	""	""	""	""	"{'goods': 'no', 'hgv': 'no', 'highway': 'residential', 'name': 'Calle Racholar de Matilda', 'oneway': 'no'}"
"way"	"47333986"	"Calle Virgen de los Ángeles"	""	""	""	""	""	""	""	"{'highway': 'living_street', 'name': 'Calle Virgen de los Ángeles', 'oneway': 'no'}"
"way"	"47334023"	"Calle Ceramista Alós"	""	""	""	""	""	""	""	"{'highway': 'residential', 'name': 'Calle Ceramista Alós', 'oneway': 'no'}"
"way"	"47334029"	"Calle Ben Alabbar"	""	""	""	""	""	""	""	"{'highway': 'residential', 'name': 'Calle Ben Alabbar', 'oneway': 'yes'}"
"way"	"47334045"	"Calle San Juan"	""	""	""	""	""	""	""	"{'highway': 'service', 'name': 'Calle San Juan', 'service': 'alley'}"
"way"	"47334049"	"Calle San Pedro"	""	""	""	""	""	""	""	"{'highway': 'living_street', 'name': 'Calle San Pedro', 'oneway': 'yes'}"
"way"	"47334068"	"Calle Ceramista Alós"	""	""	""	""	""	""	""	"{'highway': 'residential', 'lanes': '1', 'name': 'Calle Ceramista Alós', 'oneway': 'yes', 'sidewalk': 'right'}"
"way"	"47334071"	"Calle Ingeniero Echegaray"	""	""	""	""	""	""	""	"{'highway': 'residential', 'lanes': '1', 'name': 'Calle Ingeniero Echegaray', 'oneway': 'yes', 'sidewalk': 'right'}"
"way"	"47334072"	"Calle Ceramista Alós"	""	""	""	""	""	""	""	"{'highway': 'residential', 'lanes': '2', 'name': 'Calle Ceramista Alós', 'oneway': 'yes', 'turn:lanes': 'slight_left|slight_left;through'}"
"way"	"47378604"	"Calle Arrabal del Castillo"	""	""	""	""	""	""	""	"{'highway': 'residential', 'name': 'Calle Arrabal del Castillo', 'oneway': 'no'}"
"way"	"47378658"	"Calle Arrabal del Castillo"	""	""	""	""	""	""	""	"{'highway': 'living_street', 'name': 'Calle Arrabal del Castillo', 'oneway': 'no'}"
"way"	"47700842"	"Calle San Isidro"	""	""	""	""	""	""	""	"{'highway': 'service', 'name': 'Calle San Isidro', 'service': 'alley'}"
"way"	"47700843"	"Calle Santísimo Salvador"	""	""	""	""	""	""	""	"{'highway': 'service', 'name': 'Calle Santísimo Salvador', 'service': 'alley'}"
"way"	"47700844"	"Calle Virgen de agosto"	""	""	""	""	""	""	""	"{'highway': 'living_street', 'name': 'Calle Virgen de agosto'}"
"way"	"47700845"	"Calle San Camilo"	""	""	""	""	""	""	""	"{'highway': 'living_street', 'name': 'Calle San Camilo'}"
"way"	"47700846"	"Calle Virgen de la Esperanza"	""	""	""	""	""	""	""	"{'highway': 'service', 'name': 'Calle Virgen de la Esperanza', 'service': 'alley'}"
"way"	"47700847"	"Calle Virgen de la Esperanza"	""	""	""	""	""	""	""	"{'highway': 'service', 'name': 'Calle Virgen de la Esperanza', 'service': 'alley'}"
"way"	"47700854"	"Calle Virgen de la Esperanza"	""	""	""	""	""	""	""	"{'highway': 'living_street', 'name': 'Calle Virgen de la Esperanza'}"
"way"	"47700857"	"Calle Virgen del Rosario"	""	""	""	""	""	""	""	"{'highway': 'service', 'name': 'Calle Virgen del Rosario', 'service': 'alley'}"
"way"	"47700861"	"Calle Callizo"	""	""	""	""	""	""	""	"{'highway': 'pedestrian', 'name': 'Calle Callizo'}"
"way"	"47700880"	"Calle Virgen de agosto"	""	""	""	""	""	""	""	"{'highway': 'living_street', 'name': 'Calle Virgen de agosto'}"
"way"	"47700882"	"Calle San Pedro"	""	""	""	""	""	""	""	"{'highway': 'service', 'name': 'Calle San Pedro', 'oneway': 'yes', 'service': 'alley'}"
"way"	"47700883"	"Calle Virgen de la Merced"	""	""	""	""	""	""	""	"{'highway': 'pedestrian', 'name': 'Calle Virgen de la Merced'}"
"way"	"47700888"	"Calle San Camilo"	""	""	""	""	""	""	""	"{'highway': 'service', 'name': 'Calle San Camilo', 'service': 'alley'}"
"way"	"47700891"	"Calle de la Luz"	""	""	""	""	""	""	""	"{'highway': 'living_street', 'name': 'Calle de la Luz'}"
"way"	"47700893"	"Calle Perdiz"	""	""	""	""	""	""	""	"{'highway': 'living_street', 'name': 'Calle Perdiz'}"
"way"	"504545985"	"Calle Ceramista Alós"	""	""	""	""	""	""	""	"{'highway': 'residential', 'lanes': '2', 'name': 'Calle Ceramista Alós', 'oneway': 'yes', 'sidewalk': 'right'}"
"way"	"504545986"	"Calle Ingeniero Echegaray"	""	""	""	""	""	""	""	"{'highway': 'residential', 'lanes': '1', 'name': 'Calle Ingeniero Echegaray', 'oneway': 'yes', 'sidewalk': 'right'}"
"way"	"504545987"	"Calle Ingeniero Echegaray"	""	""	""	""	""	""	""	"{'highway': 'residential', 'lanes': '1', 'name': 'Calle Ingeniero Echegaray', 'oneway': 'yes'}"
"way"	"610230357"	"Calle Virgen de agosto"	""	""	""	""	""	""	""	"{'highway': 'service', 'name': 'Calle Virgen de agosto', 'service': 'alley'}"
"way"	"610230358"	"Calle Virgen de agosto"	""	""	""	""	""	""	""	"{'highway': 'service', 'name': 'Calle Virgen de agosto', 'service': 'alley'}"
"way"	"700672421"	"Calle Ceramista Alós"	""	""	""	""	""	""	""	"{'highway': 'residential', 'lanes': '1', 'name': 'Calle Ceramista Alós', 'oneway': 'yes'}"
"way"	"47333964"	"Calle Monte Blanco"	""	""	""	""	""	""	""	"{'highway': 'residential', 'name': 'Calle Monte Blanco', 'oneway': 'yes'}"
"way"	"47334017"	"Calle Ingeniero Echegaray"	""	""	""	""	""	""	""	"{'highway': 'residential', 'name': 'Calle Ingeniero Echegaray', 'oneway': 'yes'}"
"way"	"47334099"	"Calle Paloma"	""	""	""	""	""	""	""	"{'highway': 'residential', 'name': 'Calle Paloma'}"
"way"	"47334100"	"Calle Paloma"	""	""	""	""	""	""	""	"{'highway': 'residential', 'name': 'Calle Paloma'}"
"way"	"47361753"	"Calle Racholar de Matilda"	""	""	""	""	""	""	""	"{'highway': 'residential', 'name': 'Calle Racholar de Matilda', 'oneway': 'yes'}"
"way"	"47361755"	"Calle Racholar de Matilda"	""	""	""	""	""	""	""	"{'highway': 'living_street', 'name': 'Calle Racholar de Matilda', 'oneway': 'no'}"
"way"	"47361756"	"Calle Racholar de Matilda"	""	""	""	""	""	""	""	"{'highway': 'living_street', 'name': 'Calle Racholar de Matilda', 'oneway': 'no'}"
"way"	"442671649"	"Calle Racholar de Matilda"	""	""	""	""	""	""	""	"{'highway': 'residential', 'name': 'Calle Racholar de Matilda', 'oneway': 'yes'}"
"way"	"47334102"	"Calle Asunción"	""	""	""	""	""	""	""	"{'highway': 'residential', 'name': 'Calle Asunción', 'oneway': 'yes'}"
"way"	"47334116"	"Calle San Gregorio"	""	""	""	""	""	""	""	"{'highway': 'residential', 'name': 'Calle San Gregorio'}"
"way"	"373768574"	"Calle de la Amistad"	""	""	""	""	""	""	""	"{'highway': 'residential', 'name': 'Calle de la Amistad', 'oneway': 'yes'}"
"way"	"47361770"	"Calle Castilla León"	""	""	""	""	""	""	""	"{'highway': 'unclassified', 'name': 'Calle Castilla León', 'oneway': 'no'}"
"way"	"47333732"	"Calle del Ocio"	""	""	""	""	""	""	""	"{'highway': 'residential', 'name': 'Calle del Ocio', 'oneway': 'no'}"
"way"	"47333895"	"Calle Maestro Ismael Peris"	""	""	""	""	""	""	""	"{'highway': 'pedestrian', 'name': 'Calle Maestro Ismael Peris'}"
"way"	"47333897"	"Calle Maestro Rodrigo"	""	""	""	""	""	""	""	"{'highway': 'residential', 'name': 'Calle Maestro Rodrigo', 'oneway': 'no'}"
"way"	"47333898"	"Calle Maestro Ismael Peris"	""	""	""	""	""	""	""	"{'highway': 'residential', 'name': 'Calle Maestro Ismael Peris', 'oneway': 'no'}"
"way"	"47333900"	"Calle Maestro Ismael Peris"	""	""	""	""	""	""	""	"{'highway': 'residential', 'name': 'Calle Maestro Ismael Peris', 'oneway': 'no'}"
"way"	"47333907"	"Calle Maestro Ismael Peris"	""	""	""	""	""	""	""	"{'highway': 'steps', 'name': 'Calle Maestro Ismael Peris'}"
"way"	"47333914"	"Calle Travesía Siglo XXI"	""	""	""	""	""	""	""	"{'highway': 'living_street', 'name': 'Calle Travesía Siglo XXI', 'oneway': 'yes'}"
"way"	"47333916"	"Calle Travesía Siglo XXI"	""	""	""	""	""	""	""	"{'highway': 'residential', 'name': 'Calle Travesía Siglo XXI', 'oneway': 'yes'}"
"way"	"47333923"	"Calle Torrechiva"	""	""	""	""	""	""	""	"{'highway': 'service', 'name': 'Calle Torrechiva', 'oneway': 'no'}"
"way"	"373769141"	"Calle Ludiente"	""	""	""	""	""	""	""	"{'highway': 'residential', 'name': 'Calle Ludiente', 'oneway': 'yes'}"
"way"	"47334127"	"Calle Escriptor Valencians"	""	""	""	""	""	""	""	"{'highway': 'residential', 'name': 'Calle Escriptor Valencians', 'oneway': 'yes'}"
"way"	"46039109"	"Calle San Juan"	""	""	""	""	""	""	""	"{'highway': 'service', 'name': 'Calle San Juan'}"
"way"	"46039110"	"Calle San Juan"	""	""	""	""	""	""	""	"{'highway': 'service', 'name': 'Calle San Juan'}"
"way"	"46039189"	"Calle San Juan"	""	""	""	""	""	""	""	"{'highway': 'service', 'name': 'Calle San Juan'}"
"way"	"46039190"	"Calle San Juan"	""	""	""	""	""	""	""	"{'highway': 'service', 'name': 'Calle San Juan'}"
"way"	"46039191"	"Calle San Juan"	""	""	""	""	""	""	""	"{'highway': 'service', 'name': 'Calle San Juan'}"
"way"	"46039194"	"Calle San Juan"	""	""	""	""	""	""	""	"{'highway': 'service', 'name': 'Calle San Juan'}"
"way"	"47334119"	"Calle Alquerías del Niño Perdido"	""	""	""	""	""	""	""	"{'highway': 'residential', 'name': 'Calle Alquerías del Niño Perdido', 'oneway': 'yes'}"
"way"	"47334141"	"Calle Alquerías del Niño Perdido"	""	""	""	""	""	""	""	"{'highway': 'residential', 'name': 'Calle Alquerías del Niño Perdido', 'oneway': 'yes'}"
"way"	"47700897"	"Calle Senda dels Carboners"	""	""	""	""	""	""	""	"{'highway': 'unclassified', 'name': 'Calle Senda dels Carboners', 'oneway': 'no'}"
"way"	"47361809"	"Calle Castilla León"	""	""	""	""	""	""	""	"{'highway': 'unclassified', 'name': 'Calle Castilla León', 'oneway': 'yes'}"
"way"	"47361811"	"Calle Castilla León"	""	""	""	""	""	""	""	"{'highway': 'unclassified', 'name': 'Calle Castilla León', 'oneway': 'yes'}"
"way"	"441644528"	"Calle Castilla León"	""	""	""	""	""	""	""	"{'highway': 'unclassified', 'name': 'Calle Castilla León', 'oneway': 'yes'}"
"way"	"47361733"	"Calle Castilla León"	""	""	""	""	""	""	""	"{'highway': 'unclassified', 'name': 'Calle Castilla León', 'oneway': 'no'}"
"way"	"46039095"	"Calle San José"	""	""	""	""	""	""	""	"{'highway': 'living_street', 'name': 'Calle San José'}"
"way"	"46039134"	"Calle Cristo del Calvario"	""	""	""	""	""	""	""	"{'highway': 'residential', 'name': 'Calle Cristo del Calvario'}"
"way"	"46039135"	"Calle Virgen del Rosario"	""	""	""	""	""	""	""	"{'highway': 'residential', 'name': 'Calle Virgen del Rosario', 'oneway': 'yes'}"
"way"	"46039139"	"Calle San Jaime"	""	""	""	""	""	""	""	"{'highway': 'service', 'name': 'Calle San Jaime', 'service': 'alley'}"
"way"	"46039162"	"Calle San Roque"	""	""	""	""	""	""	""	"{'highway': 'living_street', 'name': 'Calle San Roque'}"
"way"	"46039165"	"Calle San Jaime"	""	""	""	""	""	""	""	"{'highway': 'service', 'name': 'Calle San Jaime', 'service': 'alley'}"
"way"	"46039175"	"Calle Virgen del Rosario"	""	""	""	""	""	""	""	"{'highway': 'residential', 'name': 'Calle Virgen del Rosario', 'oneway': 'no'}"
"way"	"759557802"	"Calle San Jaime"	""	""	""	""	""	""	""	"{'highway': 'service', 'name': 'Calle San Jaime', 'service': 'alley'}"
"way"	"46039178"	"Calle Huerta de Arriba"	""	""	""	""	""	""	""	"{'highway': 'residential', 'name': 'Calle Huerta de Arriba'}"
"way"	"259342453"	"Calle Camino Real"	""	""	""	""	""	""	""	"{'highway': 'residential', 'lanes': '1', 'name': 'Calle Camino Real', 'oneway': 'yes', 'sidewalk': 'right', 'surface': 'asphalt'}"
"way"	"259342454"	"Calle Camino Real"	""	""	""	""	""	""	""	"{'highway': 'residential', 'lanes': '1', 'name': 'Calle Camino Real', 'oneway': 'yes', 'sidewalk': 'right', 'surface': 'asphalt'}"
"way"	"386998623"	"Calle de la Madre Teresa de Calculta"	""	""	""	""	""	""	""	"{'highway': 'residential', 'lanes': '1', 'lit': 'yes', 'name': 'Calle de la Madre Teresa de Calculta', 'oneway': 'yes', 'sidewalk': 'right', 'surface': 'asphalt'}"
"way"	"631638696"	"Calle de la Madre Teresa de Calculta"	""	""	""	""	""	""	""	"{'highway': 'residential', 'lanes': '2', 'name': 'Calle de la Madre Teresa de Calculta', 'oneway': 'no'}"
"way"	"631638697"	"Calle de la Madre Teresa de Calculta"	""	""	""	""	""	""	""	"{'highway': 'residential', 'lanes': '1', 'lit': 'yes', 'name': 'Calle de la Madre Teresa de Calculta', 'oneway': 'yes', 'sidewalk': 'right', 'surface': 'asphalt'}"
"way"	"47361839"	"Calle Apeadero Miralcamp"	""	""	""	""	""	""	""	"{'highway': 'unclassified', 'name': 'Calle Apeadero Miralcamp', 'oneway': 'no'}"
"way"	"47361892"	"Calle Apeadero Miralcamp"	""	""	""	""	""	""	""	"{'highway': 'unclassified', 'name': 'Calle Apeadero Miralcamp', 'oneway': 'yes'}"
"way"	"47361895"	"Calle del Apeadero Bechí"	""	""	""	""	""	""	""	"{'highway': 'living_street', 'name': 'Calle del Apeadero Bechí'}"
"way"	"47361920"	"Calle del Apeadero Bechí"	""	""	""	""	""	""	""	"{'highway': 'living_street', 'name': 'Calle del Apeadero Bechí'}"
"way"	"47361921"	"Calle del Apeadero Bechí"	""	""	""	""	""	""	""	"{'highway': 'living_street', 'name': 'Calle del Apeadero Bechí'}"
"way"	"47361922"	"Calle del Apeadero Bechí"	""	""	""	""	""	""	""	"{'highway': 'residential', 'name': 'Calle del Apeadero Bechí', 'oneway': 'no'}"
"way"	"373768577"	"Calle del Apeadero Bechí"	""	""	""	""	""	""	""	"{'highway': 'residential', 'name': 'Calle del Apeadero Bechí', 'oneway': 'yes', 'surface': 'asphalt'}"
"way"	"373768578"	"Calle del Apeadero Bechí"	""	""	""	""	""	""	""	"{'highway': 'residential', 'name': 'Calle del Apeadero Bechí', 'oneway': 'yes', 'surface': 'asphalt'}"
"way"	"219232995"	"Calle Torrehermosa"	""	""	""	""	""	""	""	"{'highway': 'residential', 'lit': 'yes', 'name': 'Calle Torrehermosa', 'oneway': 'no', 'sidewalk': 'right', 'surface': 'asphalt'}"
"way"	"40778458"	"Calle Soneja"	""	""	""	""	""	""	""	"{'highway': 'residential', 'lanes': '2', 'name': 'Calle Soneja', 'oneway': 'yes', 'sidewalk': 'both', 'surface': 'asphalt'}"
"way"	"40984913"	"Calle José Ramón Batalla"	""	""	""	""	""	""	""	"{'highway': 'residential', 'lit': 'yes', 'name': 'Calle José Ramón Batalla', 'oneway': 'no', 'sidewalk': 'none', 'surface': 'asphalt'}"
"way"	"219232997"	"Calle de Villafamés"	""	""	""	""	""	""	""	"{'highway': 'residential', 'name': 'Calle de Villafamés', 'oneway': 'no', 'surface': 'compacted'}"
"way"	"40778435"	"Calle del Cordón"	""	""	""	""	""	""	""	"{'highway': 'residential', 'lanes': '1', 'lit': 'yes', 'name': 'Calle del Cordón', 'oneway': 'yes', 'sidewalk': 'right', 'surface': 'asphalt'}"
"way"	"40778436"	"Calle del Cordón"	""	""	""	""	""	""	""	"{'highway': 'residential', 'lanes': '1', 'lit': 'yes', 'name': 'Calle del Cordón', 'oneway': 'yes', 'sidewalk': 'left', 'surface': 'asphalt'}"
"way"	"472095788"	"Calle de los Cipreses"	""	""	""	""	""	""	""	"{'highway': 'residential', 'lit': 'no', 'name': 'Calle de los Cipreses', 'oneway': 'no', 'sidewalk': 'none', 'surface': 'asphalt'}"
"way"	"38002335"	"Calle San Germán"	""	""	""	""	""	""	""	"{'highway': 'residential', 'lit': 'yes', 'name': 'Calle San Germán', 'oneway': 'yes', 'sidewalk': 'both', 'surface': 'asphalt'}"
"way"	"243490332"	"Calle de la Arcilla"	""	""	""	""	""	""	""	"{'highway': 'residential', 'name': 'Calle de la Arcilla', 'oneway': 'yes'}"
"way"	"38038168"	"Calle Francisco Roca Alcaide"	""	""	""	""	""	""	""	"{'highway': 'pedestrian', 'name': 'Calle Francisco Roca Alcaide'}"
"way"	"243490323"	"Calle Fra Terencio Huguet"	""	""	""	""	""	""	""	"{'highway': 'residential', 'name': 'Calle Fra Terencio Huguet', 'oneway': 'yes'}"
"way"	"37961871"	"Calle Mercedes Daudi Sales"	""	""	""	""	""	""	""	"{'highway': 'residential', 'name': 'Calle Mercedes Daudi Sales', 'oneway': 'yes'}"
"way"	"243490327"	"Calle San Pablo"	""	""	""	""	""	""	""	"{'highway': 'residential', 'name': 'Calle San Pablo', 'oneway': 'yes'}"
"way"	"37979988"	"Calle Tarancón"	""	""	""	""	""	""	""	"{'highway': 'pedestrian', 'name': 'Calle Tarancón', 'oneway': 'yes'}"
"way"	"38038155"	"Calle San Joaquín"	""	""	""	""	""	""	""	"{'highway': 'residential', 'name': 'Calle San Joaquín', 'oneway': 'yes'}"
"way"	"37961867"	"Calle Rïo Mijares"	""	""	""	""	""	""	""	"{'highway': 'residential', 'name': 'Calle Rïo Mijares', 'oneway': 'no'}"
"way"	"40753337"	"Calle de Ana Nebot López"	""	""	""	""	""	""	""	"{'highway': 'residential', 'lit': 'yes', 'name': 'Calle de Ana Nebot López', 'oneway': 'no', 'sidewalk': 'none', 'surface': 'asphalt'}"
"way"	"376713120"	"Calle de las Mujeres del Almacén"	""	""	""	""	""	""	""	"{'highway': 'residential', 'lanes': '1', 'lit': 'yes', 'name': 'Calle de las Mujeres del Almacén', 'oneway': 'yes', 'sidewalk': 'none', 'surface': 'asphalt'}"
"way"	"376713121"	"Calle de las Mujeres del Almacén"	""	""	""	""	""	""	""	"{'highway': 'residential', 'lit': 'no', 'name': 'Calle de las Mujeres del Almacén', 'oneway': 'no', 'sidewalk': 'left', 'surface': 'asphalt'}"
"way"	"529022288"	"Calle de las Mujeres del Almacén"	""	""	""	""	""	""	""	"{'highway': 'residential', 'lanes': '1', 'lit': 'yes', 'name': 'Calle de las Mujeres del Almacén', 'oneway': 'yes', 'sidewalk': 'none', 'surface': 'asphalt'}"
"way"	"40984939"	"Calle Padre Molina"	""	""	""	""	""	""	""	"{'highway': 'living_street', 'lit': 'yes', 'name': 'Calle Padre Molina', 'oneway': 'yes', 'surface': 'paving_stones'}"
"way"	"264764061"	"Calle de Ana Nebot López"	""	""	""	""	""	""	""	"{'highway': 'residential', 'name': 'Calle de Ana Nebot López', 'oneway': 'no', 'tracktype': 'grade1'}"
"way"	"40984946"	"Calle San Mamés"	""	""	""	""	""	""	""	"{'highway': 'pedestrian', 'lit': 'yes', 'name': 'Calle San Mamés', 'surface': 'paving_stones'}"
"way"	"40985660"	"Calle San Juan de Ribera"	""	""	""	""	""	""	""	"{'highway': 'residential', 'lit': 'yes', 'name': 'Calle San Juan de Ribera', 'oneway': 'yes', 'sidewalk': 'both', 'surface': 'asphalt'}"
"way"	"40778558"	"Calle Cronista Doñate"	""	""	""	""	""	""	""	"{'highway': 'residential', 'lit': 'yes', 'name': 'Calle Cronista Doñate', 'oneway': 'no', 'sidewalk': 'both', 'surface': 'asphalt'}"
"way"	"40993621"	"Calle Río Mijares"	""	""	""	""	""	""	""	"{'highway': 'residential', 'lit': 'yes', 'name': 'Calle Río Mijares', 'oneway': 'yes', 'sidewalk': 'both', 'surface': 'asphalt'}"
"way"	"40984905"	"Calle Don Vicente Amorós"	""	""	""	""	""	""	""	"{'highway': 'residential', 'lit': 'yes', 'name': 'Calle Don Vicente Amorós', 'oneway': 'no', 'sidewalk': 'both', 'surface': 'asphalt'}"
"way"	"40992266"	"Calle San Martín de Porres"	""	""	""	""	""	""	""	"{'highway': 'residential', 'lit': 'yes', 'name': 'Calle San Martín de Porres', 'oneway': 'yes', 'sidewalk': 'both', 'surface': 'asphalt'}"
"way"	"264765835"	"Calle Acceso naves 12"	""	""	""	""	""	""	""	"{'access': 'permissive', 'highway': 'residential', 'lit': 'yes', 'maxspeed': '20', 'name': 'Calle Acceso naves 12', 'sidewalk': 'none', 'surface': 'asphalt'}"
"way"	"309738117"	"Calle de la Flor de Azahar"	""	""	""	""	""	""	""	"{'highway': 'living_street', 'lit': 'no', 'name': 'Calle de la Flor de Azahar', 'oneway': 'no', 'surface': 'asphalt'}"
"way"	"309738180"	"Calle de los Pinos"	""	""	""	""	""	""	""	"{'highway': 'living_street', 'lit': 'no', 'name': 'Calle de los Pinos', 'oneway': 'no', 'surface': 'asphalt'}"
"way"	"309738168"	"Calle de los Abetos"	""	""	""	""	""	""	""	"{'highway': 'living_street', 'lit': 'no', 'name': 'Calle de los Abetos', 'oneway': 'no', 'surface': 'asphalt'}"
"way"	"309738178"	"Calle de los Olivos"	""	""	""	""	""	""	""	"{'highway': 'living_street', 'lit': 'no', 'name': 'Calle de los Olivos', 'oneway': 'no', 'surface': 'asphalt'}"
"way"	"309738182"	"Calle de los Álamos"	""	""	""	""	""	""	""	"{'highway': 'living_street', 'lit': 'no', 'name': 'Calle de los Álamos', 'oneway': 'no', 'surface': 'asphalt'}"
"way"	"309738148"	"Calle de la Urbanización Pinar de Onda"	""	""	""	""	""	""	""	"{'highway': 'living_street', 'lit': 'no', 'name': 'Calle de la Urbanización Pinar de Onda', 'oneway': 'no', 'surface': 'asphalt'}"
"way"	"309738153"	"Calle de la Zirconita"	""	""	""	""	""	""	""	"{'highway': 'living_street', 'name': 'Calle de la Zirconita', 'oneway': 'no'}"
"way"	"309738200"	"Calle del Cuarzo"	""	""	""	""	""	""	""	"{'highway': 'living_street', 'name': 'Calle del Cuarzo', 'oneway': 'no'}"
"way"	"309738234"	"Calle del Topacio"	""	""	""	""	""	""	""	"{'highway': 'living_street', 'name': 'Calle del Topacio', 'oneway': 'no'}"
"way"	"309738623"	"Calle del Ágata"	""	""	""	""	""	""	""	"{'highway': 'service', 'name': 'Calle del Ágata', 'oneway': 'no'}"
"way"	"309738116"	"Calle de la Esmeralda"	""	""	""	""	""	""	""	"{'highway': 'living_street', 'name': 'Calle de la Esmeralda', 'oneway': 'no'}"
"way"	"309738236"	"Calle del Ágata"	""	""	""	""	""	""	""	"{'highway': 'living_street', 'name': 'Calle del Ágata', 'oneway': 'no'}"
"way"	"309738172"	"Calle de los Cipreses"	""	""	""	""	""	""	""	"{'highway': 'living_street', 'lit': 'no', 'name': 'Calle de los Cipreses', 'oneway': 'no', 'surface': 'asphalt'}"
"way"	"309738174"	"Calle de los Jazmines"	""	""	""	""	""	""	""	"{'highway': 'living_street', 'lit': 'no', 'name': 'Calle de los Jazmines', 'oneway': 'no', 'surface': 'asphalt'}"
"way"	"309738093"	"Calle de Enmedio"	""	""	""	""	""	""	""	"{'highway': 'living_street', 'name': 'Calle de Enmedio', 'oneway': 'no'}"
"way"	"309738239"	"Calle la Loma"	""	""	""	""	""	""	""	"{'highway': 'living_street', 'name': 'Calle la Loma', 'oneway': 'no', 'surface': 'asphalt'}"
"way"	"309738068"	"Calle El Muro"	""	""	""	""	""	""	""	"{'highway': 'living_street', 'name': 'Calle El Muro', 'oneway': 'no'}"
"way"	"309738079"	"Calle de Atalava"	""	""	""	""	""	""	""	"{'highway': 'living_street', 'name': 'Calle de Atalava', 'oneway': 'no'}"
"way"	"309738120"	"Calle de la Hoz"	""	""	""	""	""	""	""	"{'highway': 'living_street', 'name': 'Calle de la Hoz', 'oneway': 'no'}"
"way"	"309738146"	"Calle de la Sima"	""	""	""	""	""	""	""	"{'highway': 'living_street', 'name': 'Calle de la Sima', 'oneway': 'no'}"
"way"	"309738173"	"Calle de los Escaladores"	""	""	""	""	""	""	""	"{'highway': 'living_street', 'name': 'Calle de los Escaladores', 'oneway': 'no'}"
"way"	"309738212"	"Calle del Morrón"	""	""	""	""	""	""	""	"{'highway': 'living_street', 'name': 'Calle del Morrón', 'oneway': 'no'}"
"way"	"309738238"	"Calle el Conde"	""	""	""	""	""	""	""	"{'highway': 'living_street', 'name': 'Calle el Conde', 'oneway': 'no'}"
"way"	"309738328"	"calle el Pozo"	""	""	""	""	""	""	""	"{'highway': 'living_street', 'name': 'calle el Pozo', 'oneway': 'no'}"
"way"	"309738329"	"calle el Pozo"	""	""	""	""	""	""	""	"{'highway': 'living_street', 'name': 'calle el Pozo', 'oneway': 'no'}"
"way"	"309738114"	"Calle de la Cuesta"	""	""	""	""	""	""	""	"{'highway': 'living_street', 'lit': 'no', 'name': 'Calle de la Cuesta', 'oneway': 'no', 'surface': 'asphalt'}"
"way"	"309738119"	"Calle de la Hiedra"	""	""	""	""	""	""	""	"{'highway': 'living_street', 'lit': 'yes', 'name': 'Calle de la Hiedra', 'oneway': 'no', 'surface': 'asphalt'}"
