"# Generated by write_osm_objects_report from LangToolsOSM 0.0.13 with parameters: lang=ca, extra_tag=('name:ca', 'alt_name:ca', 'alt_name'), query=[out:json][timeout:1000]; area['name:ca'='el Vinalopó Mitjà'][admin_level=7]->.comarca; area[name='Països Catalans']->.llengua; ( nwr[name~'^Calle'][!'name:ca'](area.comarca)(area.llengua); ); out tags qt;"	""	""	""	""	""	""	""	""	""	""
"typeOSM"	"idOSM"	"name"	"name:ca"	"alt_name:ca"	"alt_name"	"translations"	"ca.wikipedia_page"	"wikidata_id"	"multilang_names"	"all_tags"
"node"	"7729968474"	"Calle Peña del Sol"	""	""	""	""	""	""	""	"{'name': 'Calle Peña del Sol', 'public_transport': 'platform'}"
"way"	"22722329"	"Calle Castilla"	""	""	""	""	""	""	""	"{'highway': 'residential', 'name': 'Calle Castilla'}"
"way"	"22723571"	"Calle Eulogio Abad"	""	""	""	""	""	""	""	"{'highway': 'residential', 'name': 'Calle Eulogio Abad'}"
"way"	"220288589"	"Calle Maestro Chapí"	""	""	""	""	""	""	""	"{'highway': 'residential', 'name': 'Calle Maestro Chapí'}"
"way"	"22723566"	"Calle San Antón"	""	""	""	""	""	""	""	"{'highway': 'residential', 'name': 'Calle San Antón', 'oneway': 'yes'}"
"way"	"220288215"	"Calle País Valencià"	""	""	""	""	""	""	""	"{'highway': 'residential', 'name': 'Calle País Valencià'}"
"way"	"853332758"	"Calle País Valencià"	""	""	""	""	""	""	""	"{'highway': 'residential', 'name': 'Calle País Valencià'}"
"way"	"220288578"	"Calle Maestro Chapí"	""	""	""	""	""	""	""	"{'highway': 'residential', 'name': 'Calle Maestro Chapí'}"
"way"	"220288588"	"Calle Obispo Loaces"	""	""	""	""	""	""	""	"{'highway': 'residential', 'name': 'Calle Obispo Loaces'}"
"way"	"252164071"	"Calle Eulogio Abad"	""	""	""	""	""	""	""	"{'highway': 'path', 'name': 'Calle Eulogio Abad'}"
"way"	"220288209"	"Calle Salinas"	""	""	""	""	""	""	""	"{'highway': 'residential', 'name': 'Calle Salinas', 'oneway': 'yes'}"
"way"	"220288213"	"Calle Alguna"	""	""	""	""	""	""	""	"{'highway': 'residential', 'name': 'Calle Alguna', 'oneway': 'yes'}"
"way"	"220288216"	"Calle Pinoso"	""	""	""	""	""	""	""	"{'highway': 'residential', 'name': 'Calle Pinoso', 'oneway': 'yes'}"
"way"	"411701080"	"Calle Cuesta Blanca"	""	""	""	""	""	""	""	"{'highway': 'residential', 'name': 'Calle Cuesta Blanca'}"
"way"	"693003321"	"Calle Cuesta Blanca"	""	""	""	""	""	""	""	"{'highway': 'residential', 'name': 'Calle Cuesta Blanca'}"
"way"	"411701098"	"Calle Canónigo José Cerda"	""	""	""	""	""	""	""	"{'highway': 'residential', 'name': 'Calle Canónigo José Cerda', 'oneway': 'no'}"
"way"	"411701133"	"Calle Proyecto 5"	""	""	""	""	""	""	""	"{'highway': 'residential', 'name': 'Calle Proyecto 5'}"
"way"	"690749734"	"Calle Boteros"	""	""	""	""	""	""	""	"{'highway': 'residential', 'name': 'Calle Boteros', 'oneway': 'yes'}"
"way"	"411701045"	"Calle Casas Albert"	""	""	""	""	""	""	""	"{'highway': 'residential', 'name': 'Calle Casas Albert'}"
"way"	"411701055"	"Calle Casas Albert"	""	""	""	""	""	""	""	"{'highway': 'residential', 'name': 'Calle Casas Albert'}"
"way"	"411701103"	"Calle Casas Albert"	""	""	""	""	""	""	""	"{'highway': 'residential', 'name': 'Calle Casas Albert'}"
"way"	"220277099"	"Calle Poeta Zorrilla"	""	""	""	""	""	""	""	"{'highway': 'residential', 'name': 'Calle Poeta Zorrilla'}"
"way"	"622352228"	"Calle Redonda"	""	""	""	""	""	""	""	"{'highway': 'residential', 'name': 'Calle Redonda'}"
"way"	"676832968"	"Calle Sol"	""	""	""	""	""	""	""	"{'highway': 'residential', 'name': 'Calle Sol'}"
"way"	"220288199"	"Calle Catral"	""	""	""	""	""	""	""	"{'highway': 'residential', 'name': 'Calle Catral'}"
"way"	"220288204"	"Calle Petrer"	""	""	""	""	""	""	""	"{'highway': 'residential', 'name': 'Calle Petrer', 'oneway': 'yes'}"
"way"	"220288210"	"Calle Albatera"	""	""	""	""	""	""	""	"{'highway': 'residential', 'name': 'Calle Albatera', 'oneway': 'yes'}"
"way"	"220288212"	"Calle Agost"	""	""	""	""	""	""	""	"{'highway': 'residential', 'name': 'Calle Agost', 'oneway': 'yes'}"
"way"	"220288218"	"Calle Dolores"	""	""	""	""	""	""	""	"{'highway': 'residential', 'name': 'Calle Dolores', 'oneway': 'yes'}"
"way"	"220288219"	"Calle la Romana"	""	""	""	""	""	""	""	"{'highway': 'residential', 'name': 'Calle la Romana', 'oneway': 'yes'}"
"way"	"220288222"	"Calle Monforte del Cid"	""	""	""	""	""	""	""	"{'highway': 'residential', 'name': 'Calle Monforte del Cid'}"
"way"	"224005141"	"Calle Ibi"	""	""	""	""	""	""	""	"{'highway': 'residential', 'name': 'Calle Ibi', 'oneway': 'yes'}"
"way"	"220288208"	"Calle Santa Pola"	""	""	""	""	""	""	""	"{'highway': 'residential', 'name': 'Calle Santa Pola'}"
"way"	"220288211"	"Calle Guardamar"	""	""	""	""	""	""	""	"{'highway': 'residential', 'name': 'Calle Guardamar'}"
"way"	"220288191"	"Calle Algorfa"	""	""	""	""	""	""	""	"{'highway': 'residential', 'name': 'Calle Algorfa'}"
"way"	"220288207"	"Calle Calpe"	""	""	""	""	""	""	""	"{'highway': 'residential', 'name': 'Calle Calpe', 'oneway': 'yes'}"
"way"	"98380843"	"Calle San José"	""	""	""	""	""	""	""	"{'highway': 'residential', 'name': 'Calle San José', 'oneway': 'yes'}"
"way"	"98383143"	"Calle de la Purísima"	""	""	""	""	""	""	""	"{'highway': 'residential', 'name': 'Calle de la Purísima'}"
"way"	"98383156"	"Calle Bodega"	""	""	""	""	""	""	""	"{'highway': 'residential', 'name': 'Calle Bodega'}"
"way"	"98383164"	"Calle Tomás Bordera"	""	""	""	""	""	""	""	"{'highway': 'living_street', 'name': 'Calle Tomás Bordera', 'surface': 'concrete'}"
"way"	"98383170"	"Calle Peña"	""	""	""	""	""	""	""	"{'highway': 'residential', 'name': 'Calle Peña'}"
"way"	"98383175"	"Calle Cine"	""	""	""	""	""	""	""	"{'highway': 'residential', 'name': 'Calle Cine'}"
"way"	"98383176"	"Calle Juan Albentosa"	""	""	""	""	""	""	""	"{'highway': 'living_street', 'name': 'Calle Juan Albentosa', 'surface': 'concrete'}"
"way"	"98383177"	"Calle Huerto"	""	""	""	""	""	""	""	"{'highway': 'residential', 'name': 'Calle Huerto', 'oneway': 'yes'}"
"way"	"220287697"	"Calle San Juan"	""	""	""	""	""	""	""	"{'highway': 'residential', 'name': 'Calle San Juan'}"
"way"	"220287698"	"Calle San Juan"	""	""	""	""	""	""	""	"{'highway': 'residential', 'name': 'Calle San Juan'}"
"way"	"296603825"	"Calle Enrique Martí"	""	""	""	""	""	""	""	"{'highway': 'residential', 'name': 'Calle Enrique Martí'}"
"way"	"411398777"	"Calle Algibes"	""	""	""	""	""	""	""	"{'highway': 'residential', 'name': 'Calle Algibes'}"
"way"	"476709302"	"Calle Algibes"	""	""	""	""	""	""	""	"{'highway': 'residential', 'name': 'Calle Algibes', 'oneway': 'yes'}"
"way"	"476709304"	"Calle Algibes"	""	""	"Carretera Asp - Els Fondós"	""	""	""	""	"{'alt_name': 'Carretera Asp - Els Fondós', 'highway': 'secondary', 'name': 'Calle Algibes', 'oneway': 'no', 'ref': 'CV-845'}"
"way"	"476709329"	"Calle Sara Bonmatí"	""	""	""	""	""	""	""	"{'highway': 'residential', 'name': 'Calle Sara Bonmatí'}"
"way"	"98380838"	"Calle Casicas"	""	""	""	""	""	""	""	"{'highway': 'residential', 'name': 'Calle Casicas'}"
"way"	"98380839"	"Calle Ramón Cremades Prieto"	""	""	""	""	""	""	""	"{'highway': 'residential', 'name': 'Calle Ramón Cremades Prieto'}"
"way"	"98383152"	"Calle Peña Esvarosa"	""	""	""	""	""	""	""	"{'highway': 'residential', 'name': 'Calle Peña Esvarosa'}"
"way"	"98383179"	"Calle Vereda"	""	""	""	""	""	""	""	"{'highway': 'residential', 'name': 'Calle Vereda'}"
"way"	"213575619"	"Calle del Pino"	""	""	""	""	""	""	""	"{'highway': 'residential', 'name': 'Calle del Pino', 'oneway': 'yes'}"
"way"	"220287702"	"Calle León XIII"	""	""	""	""	""	""	""	"{'highway': 'residential', 'name': 'Calle León XIII'}"
"way"	"220287703"	"Calle Horno"	""	""	""	""	""	""	""	"{'highway': 'residential', 'name': 'Calle Horno'}"
"way"	"220287704"	"Calle la Cruz"	""	""	""	""	""	""	""	"{'highway': 'residential', 'name': 'Calle la Cruz'}"
"way"	"411390079"	"Calle Bayón"	""	""	""	""	""	""	""	"{'highway': 'residential', 'name': 'Calle Bayón'}"
"way"	"476709305"	"Calle Requejo"	""	""	"Carretera Asp - Els Fondós"	""	""	""	""	"{'alt_name': 'Carretera Asp - Els Fondós', 'highway': 'secondary', 'maxspeed': '40', 'name': 'Calle Requejo', 'oneway': 'no', 'ref': 'CV-845'}"
"way"	"476709314"	"Calle las Palmeras"	""	""	""	""	""	""	""	"{'highway': 'residential', 'name': 'Calle las Palmeras'}"
"way"	"98383148"	"Calle Depósito"	""	""	""	""	""	""	""	"{'highway': 'residential', 'name': 'Calle Depósito'}"
"way"	"98383157"	"Calle 1 de Mayo"	""	""	"Calle Uno de Mayo"	""	""	""	""	"{'alt_name': 'Calle Uno de Mayo', 'highway': 'residential', 'name': 'Calle 1 de Mayo'}"
"way"	"98383160"	"Calle Dos de Mayo"	""	""	"Calle 2 de Mayo"	""	""	""	""	"{'alt_name': 'Calle 2 de Mayo', 'highway': 'residential', 'name': 'Calle Dos de Mayo'}"
"way"	"220287696"	"Calle Teatro"	""	""	""	""	""	""	""	"{'highway': 'residential', 'name': 'Calle Teatro'}"
"way"	"220287700"	"Calle Calereta"	""	""	""	""	""	""	""	"{'highway': 'residential', 'name': 'Calle Calereta'}"
"way"	"220287706"	"Calle 9 de Octubre"	""	""	"Calle Nueve de Octubre"	""	""	""	""	"{'alt_name': 'Calle Nueve de Octubre', 'highway': 'residential', 'name': 'Calle 9 de Octubre', 'oneway': 'yes'}"
"way"	"476709315"	"Calle Calereta"	""	""	""	""	""	""	""	"{'highway': 'residential', 'name': 'Calle Calereta'}"
"way"	"476709317"	"Calle 6 de Diciembre"	""	""	"Calle Seis de Diciembre"	""	""	""	""	"{'alt_name': 'Calle Seis de Diciembre', 'highway': 'residential', 'name': 'Calle 6 de Diciembre', 'oneway': 'yes'}"
"way"	"476709318"	"Calle Último Jueves"	""	""	""	""	""	""	""	"{'highway': 'residential', 'name': 'Calle Último Jueves', 'oneway': 'yes'}"
"way"	"98380846"	"Calle Escuela"	""	""	""	""	""	""	""	"{'highway': 'residential', 'name': 'Calle Escuela', 'oneway': 'yes'}"
"way"	"98383142"	"Calle Donante"	""	""	""	""	""	""	""	"{'highway': 'residential', 'name': 'Calle Donante'}"
"way"	"98383182"	"Calle Jardín"	""	""	""	""	""	""	""	"{'highway': 'residential', 'name': 'Calle Jardín', 'oneway': 'yes'}"
"way"	"476709308"	"Calle Unión Musical"	""	""	""	""	""	""	""	"{'highway': 'residential', 'name': 'Calle Unión Musical', 'oneway': 'yes'}"
"way"	"476709309"	"Calle Antonio Pastor Boix"	""	""	""	""	""	""	""	"{'highway': 'residential', 'name': 'Calle Antonio Pastor Boix', 'oneway': 'yes'}"
"way"	"476709330"	"Calle Escuela"	""	""	""	""	""	""	""	"{'highway': 'residential', 'name': 'Calle Escuela'}"
"way"	"476709331"	"Calle Unión Musical"	""	""	""	""	""	""	""	"{'highway': 'residential', 'name': 'Calle Unión Musical'}"
"way"	"476709332"	"Calle Cuevas Sur"	""	""	""	""	""	""	""	"{'highway': 'residential', 'name': 'Calle Cuevas Sur'}"
"way"	"213575943"	"Calle Bajo Sombra"	""	""	""	""	""	""	""	"{'highway': 'residential', 'name': 'Calle Bajo Sombra'}"
"way"	"476709333"	"Calle Sierra de Orts"	""	""	""	""	""	""	""	"{'highway': 'residential', 'name': 'Calle Sierra de Orts'}"
"way"	"98383141"	"Calle Mercado"	""	""	""	""	""	""	""	"{'highway': 'residential', 'name': 'Calle Mercado'}"
"way"	"98383150"	"Calle Juan de Austria"	""	""	""	""	""	""	"name:etymology:wikidata=Q157107"	"{'highway': 'residential', 'name': 'Calle Juan de Austria', 'name:etymology:wikidata': 'Q157107', 'oneway': 'yes'}"
"way"	"98383158"	"Calle Cuevas Sur"	""	""	""	""	""	""	""	"{'highway': 'residential', 'name': 'Calle Cuevas Sur'}"
"way"	"98383167"	"Calle Antonio Pastor Boix"	""	""	""	""	""	""	""	"{'highway': 'residential', 'name': 'Calle Antonio Pastor Boix', 'oneway': 'yes'}"
"way"	"98383172"	"Calle Francisco Mira Botella"	""	""	""	""	""	""	""	"{'highway': 'residential', 'name': 'Calle Francisco Mira Botella', 'oneway': 'yes'}"
"way"	"213575621"	"Calle Cuevas Norte"	""	""	""	""	""	""	""	"{'highway': 'residential', 'name': 'Calle Cuevas Norte'}"
"way"	"213575942"	"Calle el Cantero"	""	""	""	""	""	""	""	"{'highway': 'residential', 'name': 'Calle el Cantero'}"
"way"	"220287695"	"Calle Doctro Fléming"	""	""	""	""	""	""	""	"{'highway': 'residential', 'name': 'Calle Doctro Fléming'}"
"way"	"476709306"	"Calle Requejo"	""	""	""	""	""	""	""	"{'highway': 'residential', 'name': 'Calle Requejo', 'oneway': 'yes'}"
"way"	"476709307"	"Calle Requejo"	""	""	""	""	""	""	""	"{'highway': 'residential', 'name': 'Calle Requejo'}"
"way"	"476709312"	"Calle Requejo"	""	""	""	""	""	""	""	"{'highway': 'residential', 'name': 'Calle Requejo', 'oneway': 'yes'}"
"way"	"476709313"	"Calle Francisco Mira Botella"	""	""	""	""	""	""	""	"{'highway': 'residential', 'name': 'Calle Francisco Mira Botella'}"
"way"	"213575944"	"Calle Collao"	""	""	""	""	""	""	""	"{'highway': 'residential', 'name': 'Calle Collao'}"
"way"	"220317418"	"Calle Doctor Pérez López"	""	""	""	""	""	""	""	"{'highway': 'residential', 'name': 'Calle Doctor Pérez López', 'oneway': 'yes'}"
"way"	"220322177"	"Calle José Sellés"	""	""	""	""	""	""	""	"{'highway': 'residential', 'name': 'Calle José Sellés', 'oneway': 'yes'}"
"way"	"220322180"	"Calle Ricardo Jover"	""	""	""	""	""	""	""	"{'highway': 'residential', 'name': 'Calle Ricardo Jover', 'oneway': 'yes'}"
"way"	"220322187"	"Calle Colón"	""	""	""	""	""	""	""	"{'highway': 'residential', 'name': 'Calle Colón', 'oneway': 'yes'}"
"way"	"222708084"	"Calle Fuente Loca"	""	""	""	""	""	""	""	"{'highway': 'residential', 'name': 'Calle Fuente Loca'}"
"way"	"251911330"	"Calle Doctor Pérez López"	""	""	""	""	""	""	""	"{'highway': 'residential', 'name': 'Calle Doctor Pérez López', 'oneway': 'yes'}"
"way"	"220317405"	"Calle San Isidro"	""	""	""	""	""	""	""	"{'highway': 'residential', 'name': 'Calle San Isidro', 'oneway': 'yes'}"
"way"	"220322151"	"Calle San Pedro"	""	""	""	""	""	""	""	"{'highway': 'residential', 'name': 'Calle San Pedro', 'oneway': 'yes'}"
"way"	"220322190"	"Calle San Juan"	""	""	""	""	""	""	""	"{'highway': 'residential', 'name': 'Calle San Juan', 'oneway': 'yes'}"
"way"	"225572091"	"Calle la Huerta"	""	""	""	""	""	""	""	"{'highway': 'residential', 'name': 'Calle la Huerta', 'oneway': 'yes'}"
"way"	"220317412"	"Calle Fuente"	""	""	""	""	""	""	""	"{'highway': 'residential', 'name': 'Calle Fuente', 'oneway': 'yes'}"
"way"	"220317413"	"Calle Marqués de la Romana"	""	""	""	""	""	""	""	"{'highway': 'residential', 'name': 'Calle Marqués de la Romana', 'oneway': 'yes'}"
"way"	"476689722"	"Calle Fuente"	""	""	""	""	""	""	""	"{'highway': 'residential', 'name': 'Calle Fuente', 'oneway': 'yes'}"
"way"	"220277098"	"Calle de l'Ametller"	""	""	""	""	""	""	""	"{'highway': 'residential', 'name': ""Calle de l'Ametller"", 'noname': 'yes', 'oneway': 'no'}"
"way"	"220277109"	"Calle Cura García"	""	""	""	""	""	""	""	"{'highway': 'residential', 'name': 'Calle Cura García'}"
"way"	"225481317"	"Calle Crema Marfil"	""	""	""	""	""	""	""	"{'highway': 'residential', 'name': 'Calle Crema Marfil', 'oneway': 'no'}"
"way"	"975465339"	"Calle Raim"	""	""	""	""	""	""	""	"{'highway': 'residential', 'name': 'Calle Raim'}"
"way"	"220277086"	"Calle Salinas"	""	""	""	""	""	""	""	"{'highway': 'residential', 'name': 'Calle Salinas'}"
"way"	"220277097"	"Calle La Romana"	""	""	""	""	""	""	""	"{'highway': 'residential', 'name': 'Calle La Romana', 'oneway': 'yes'}"
"way"	"220277100"	"Calle Aspe"	""	""	""	""	""	""	""	"{'highway': 'residential', 'name': 'Calle Aspe'}"
"way"	"220277101"	"Calle Teatro"	""	""	""	""	""	""	""	"{'highway': 'residential', 'name': 'Calle Teatro'}"
"way"	"220287033"	"Calle Médico José Pérez Ochoa"	""	""	""	""	""	""	""	"{'highway': 'residential', 'name': 'Calle Médico José Pérez Ochoa', 'oneway': 'yes'}"
"way"	"220287058"	"Calle Agost"	""	""	""	""	""	""	""	"{'highway': 'residential', 'name': 'Calle Agost'}"
"way"	"220287060"	"Calle Monforte del Cid"	""	""	""	""	""	""	""	"{'highway': 'residential', 'name': 'Calle Monforte del Cid'}"
"way"	"220287129"	"Calle Primero de Mayo"	""	""	""	""	""	""	""	"{'highway': 'residential', 'name': 'Calle Primero de Mayo', 'oneway': 'yes'}"
"way"	"220287138"	"Calle Trigo"	""	""	""	""	""	""	""	"{'highway': 'residential', 'name': 'Calle Trigo'}"
"way"	"220287146"	"Calle Torrevieja"	""	""	""	""	""	""	""	"{'highway': 'residential', 'name': 'Calle Torrevieja'}"
"way"	"220287157"	"Calle Torrevieja"	""	""	""	""	""	""	""	"{'highway': 'residential', 'name': 'Calle Torrevieja', 'oneway': 'yes'}"
"way"	"220287161"	"Calle Dalías"	""	""	""	""	""	""	""	"{'highway': 'residential', 'name': 'Calle Dalías'}"
"way"	"239161714"	"Calle Particular"	""	""	""	""	""	""	""	"{'highway': 'residential', 'name': 'Calle Particular'}"
"way"	"476190835"	"Calle Ángel Custodio"	""	""	""	""	""	""	""	"{'highway': 'residential', 'name': 'Calle Ángel Custodio', 'oneway': 'yes'}"
"way"	"721556818"	"Calle Camino del Prado"	""	""	""	""	""	""	""	"{'highway': 'residential', 'name': 'Calle Camino del Prado', 'oneway': 'yes'}"
"way"	"721565010"	"Calle Torrevieja"	""	""	""	""	""	""	""	"{'highway': 'residential', 'name': 'Calle Torrevieja'}"
"way"	"721565012"	"Calle Torrevieja"	""	""	""	""	""	""	""	"{'highway': 'residential', 'name': 'Calle Torrevieja'}"
"way"	"721565013"	"Calle Torrevieja"	""	""	""	""	""	""	""	"{'highway': 'residential', 'name': 'Calle Torrevieja', 'oneway': 'yes'}"
"way"	"721620873"	"Calle Camino del Prado"	""	""	""	""	""	""	""	"{'highway': 'residential', 'name': 'Calle Camino del Prado'}"
"way"	"975465348"	"Calle San Vicente Ferrer"	""	""	""	""	""	""	""	"{'highway': 'residential', 'name': 'Calle San Vicente Ferrer'}"
"way"	"220287026"	"Calle Los Olivos"	""	""	""	""	""	""	""	"{'highway': 'residential', 'name': 'Calle Los Olivos'}"
"way"	"220287027"	"Calle Príncipe de Asturias"	""	""	""	""	""	""	""	"{'highway': 'residential', 'name': 'Calle Príncipe de Asturias'}"
"way"	"220287041"	"Calle Pablo Picasso"	""	""	""	""	""	""	""	"{'highway': 'residential', 'name': 'Calle Pablo Picasso'}"
"way"	"220287050"	"Calle Tejera de Roque"	""	""	""	""	""	""	""	"{'highway': 'residential', 'name': 'Calle Tejera de Roque'}"
"way"	"220287074"	"Calle 8 de Agosto"	""	""	""	""	""	""	""	"{'highway': 'residential', 'name': 'Calle 8 de Agosto'}"
"way"	"220287113"	"Calle Virgen de Fátima"	""	""	""	""	""	""	""	"{'highway': 'residential', 'name': 'Calle Virgen de Fátima', 'oneway': 'yes'}"
"way"	"220287116"	"Calle Escritor Pío Baroja"	""	""	""	""	""	""	""	"{'highway': 'residential', 'name': 'Calle Escritor Pío Baroja'}"
"way"	"220287120"	"Calle General Castaños"	""	""	""	""	""	""	""	"{'highway': 'residential', 'name': 'Calle General Castaños'}"
"way"	"220287127"	"Calle Félix Rodríguez de la Fuente"	""	""	""	""	""	""	""	"{'highway': 'residential', 'name': 'Calle Félix Rodríguez de la Fuente'}"
"way"	"220287130"	"Calle Seis de Diciembre"	""	""	""	""	""	""	""	"{'highway': 'residential', 'name': 'Calle Seis de Diciembre'}"
"way"	"220287145"	"Calle Escritora Carmen Conde"	""	""	""	""	""	""	""	"{'highway': 'residential', 'name': 'Calle Escritora Carmen Conde'}"
"way"	"220287172"	"Calle Tejera de Roque"	""	""	""	""	""	""	""	"{'highway': 'residential', 'name': 'Calle Tejera de Roque'}"
"way"	"721628261"	"Calle 8 de Agosto"	""	""	""	""	""	""	""	"{'highway': 'residential', 'name': 'Calle 8 de Agosto', 'oneway': 'yes'}"
"way"	"721628262"	"Calle 8 de Agosto"	""	""	""	""	""	""	""	"{'highway': 'residential', 'name': 'Calle 8 de Agosto', 'oneway': 'yes'}"
"way"	"721628264"	"Calle 8 de Agosto"	""	""	""	""	""	""	""	"{'highway': 'residential', 'name': 'Calle 8 de Agosto', 'oneway': 'yes'}"
"way"	"721628266"	"Calle 8 de Agosto"	""	""	""	""	""	""	""	"{'highway': 'residential', 'name': 'Calle 8 de Agosto'}"
"way"	"220277103"	"Calle Jaime Balmes"	""	""	""	""	""	""	""	"{'highway': 'residential', 'name': 'Calle Jaime Balmes'}"
"way"	"220287025"	"Calle Alfonso XIII"	""	""	""	""	""	""	""	"{'highway': 'residential', 'name': 'Calle Alfonso XIII'}"
"way"	"220287093"	"Calle Altamira"	""	""	""	""	""	""	""	"{'highway': 'residential', 'name': 'Calle Altamira', 'oneway': 'yes'}"
"way"	"220287103"	"Calle Reina Sofía"	""	""	""	""	""	""	""	"{'highway': 'residential', 'name': 'Calle Reina Sofía', 'oneway': 'yes'}"
"way"	"220287123"	"Calle Médico José Pérez Ochoa"	""	""	""	""	""	""	""	"{'highway': 'residential', 'name': 'Calle Médico José Pérez Ochoa', 'oneway': 'yes'}"
"way"	"220287126"	"Calle Ermita"	""	""	""	""	""	""	""	"{'highway': 'residential', 'name': 'Calle Ermita', 'oneway': 'yes'}"
"way"	"220287136"	"Calle Dos"	""	""	""	""	""	""	""	"{'highway': 'residential', 'name': 'Calle Dos'}"
"way"	"220287141"	"Calle de la Rosa"	""	""	""	""	""	""	""	"{'highway': 'residential', 'name': 'Calle de la Rosa'}"
"way"	"220287143"	"Calle Sol"	""	""	""	""	""	""	""	"{'highway': 'residential', 'name': 'Calle Sol'}"
"way"	"220287147"	"Calle Cuatro"	""	""	""	""	""	""	""	"{'highway': 'residential', 'name': 'Calle Cuatro'}"
"way"	"220287148"	"Calle Paredón"	""	""	""	""	""	""	""	"{'highway': 'residential', 'name': 'Calle Paredón'}"
"way"	"220287154"	"Calle Norte"	""	""	""	""	""	""	""	"{'highway': 'residential', 'name': 'Calle Norte'}"
"way"	"220287169"	"Calle Juan Carlos I"	""	""	""	""	""	""	""	"{'highway': 'residential', 'name': 'Calle Juan Carlos I', 'oneway': 'yes'}"
"way"	"220287171"	"Calle Cinco"	""	""	""	""	""	""	""	"{'highway': 'residential', 'name': 'Calle Cinco'}"
"way"	"220287175"	"Calle Petrer"	""	""	""	""	""	""	""	"{'highway': 'residential', 'name': 'Calle Petrer'}"
"way"	"220287179"	"Calle Seis de Enero"	""	""	""	""	""	""	""	"{'highway': 'residential', 'name': 'Calle Seis de Enero'}"
"way"	"220287293"	"Calle Infanta Elena"	""	""	""	""	""	""	""	"{'highway': 'residential', 'name': 'Calle Infanta Elena', 'oneway': 'yes'}"
"way"	"220287296"	"Calle Mendizábal"	""	""	""	""	""	""	""	"{'highway': 'residential', 'name': 'Calle Mendizábal', 'oneway': 'yes'}"
"way"	"225481315"	"Calle Sanchiz Banús"	""	""	""	""	""	""	""	"{'highway': 'residential', 'name': 'Calle Sanchiz Banús'}"
"way"	"239162123"	"Calle Pelayo"	""	""	""	""	""	""	""	"{'highway': 'residential', 'name': 'Calle Pelayo', 'oneway': 'yes'}"
"way"	"414215405"	"Calle San Pedro"	""	""	""	""	""	""	""	"{'highway': 'residential', 'name': 'Calle San Pedro', 'oneway': 'yes'}"
"way"	"476190838"	"Calle Virgen de Fátima"	""	""	""	""	""	""	""	"{'highway': 'residential', 'name': 'Calle Virgen de Fátima'}"
"way"	"476190839"	"Calle General Castaños"	""	""	""	""	""	""	""	"{'highway': 'residential', 'name': 'Calle General Castaños', 'oneway': 'yes'}"
"way"	"476190850"	"Calle Casas de Costa"	""	""	""	""	""	""	""	"{'highway': 'residential', 'name': 'Calle Casas de Costa', 'oneway': 'yes'}"
"way"	"476190852"	"Calle San Juan"	""	""	""	""	""	""	""	"{'highway': 'residential', 'name': 'Calle San Juan'}"
"way"	"476190870"	"Calle de Canalejas"	""	""	""	""	""	""	""	"{'highway': 'residential', 'name': 'Calle de Canalejas', 'oneway': 'yes'}"
"way"	"476190879"	"Calle Maisonnave"	""	""	""	""	""	""	""	"{'highway': 'residential', 'name': 'Calle Maisonnave', 'oneway': 'yes'}"
"way"	"476190896"	"Calle Sanchiz Guarner"	""	""	""	""	""	""	""	"{'highway': 'residential', 'name': 'Calle Sanchiz Guarner', 'oneway': 'no'}"
"way"	"721558307"	"Calle Uno"	""	""	""	""	""	""	""	"{'highway': 'residential', 'name': 'Calle Uno'}"
"way"	"721558309"	"Calle Ocho"	""	""	""	""	""	""	""	"{'highway': 'residential', 'name': 'Calle Ocho'}"
"way"	"721558311"	"Calle Tres"	""	""	""	""	""	""	""	"{'highway': 'residential', 'name': 'Calle Tres'}"
"way"	"721628268"	"Calle María Moliner"	""	""	""	""	""	""	""	"{'highway': 'residential', 'name': 'Calle María Moliner'}"
"way"	"220277106"	"Calle Crema Marfil"	""	""	""	""	""	""	""	"{'highway': 'residential', 'name': 'Calle Crema Marfil', 'oneway': 'yes'}"
"way"	"220287029"	"Calle Salcillo"	""	""	""	""	""	""	""	"{'highway': 'residential', 'name': 'Calle Salcillo'}"
"way"	"220287031"	"Calle Isabel La Católica"	""	""	""	""	""	""	""	"{'highway': 'residential', 'name': 'Calle Isabel La Católica'}"
"way"	"220287044"	"Calle Hondón de los Frailes"	""	""	""	""	""	""	""	"{'highway': 'residential', 'name': 'Calle Hondón de los Frailes'}"
"way"	"220287056"	"Calle Hondón de las Nieves"	""	""	""	""	""	""	""	"{'highway': 'residential', 'name': 'Calle Hondón de las Nieves'}"
"way"	"220287064"	"Calle Algueña"	""	""	""	""	""	""	""	"{'highway': 'residential', 'name': 'Calle Algueña'}"
"way"	"220287095"	"Calle San Pascual"	""	""	""	""	""	""	""	"{'highway': 'residential', 'name': 'Calle San Pascual'}"
"way"	"220287142"	"Calle Llum"	""	""	""	""	""	""	""	"{'highway': 'residential', 'name': 'Calle Llum', 'oneway': 'yes'}"
"way"	"220287150"	"Calle Isabel la Católica"	""	""	""	""	""	""	""	"{'highway': 'residential', 'name': 'Calle Isabel la Católica'}"
"way"	"220287164"	"Calle Raspay"	""	""	""	""	""	""	""	"{'highway': 'residential', 'name': 'Calle Raspay'}"
"way"	"220287170"	"Calle Francos Rodríguez"	""	""	""	""	""	""	""	"{'highway': 'residential', 'name': 'Calle Francos Rodríguez'}"
"way"	"220287174"	"Calle Casas de Costa"	""	""	""	""	""	""	""	"{'highway': 'residential', 'name': 'Calle Casas de Costa', 'oneway': 'yes'}"
"way"	"239162122"	"Calle Crema Marfil"	""	""	""	""	""	""	""	"{'highway': 'residential', 'name': 'Calle Crema Marfil'}"
"way"	"476190871"	"Calle Francos Rodríguez"	""	""	""	""	""	""	""	"{'highway': 'pedestrian', 'name': 'Calle Francos Rodríguez'}"
"way"	"476190880"	"Calle Cura García"	""	""	""	""	""	""	""	"{'highway': 'residential', 'name': 'Calle Cura García'}"
"way"	"476190881"	"Calle Cura García"	""	""	""	""	""	""	""	"{'highway': 'residential', 'name': 'Calle Cura García'}"
"way"	"476190884"	"Calle Juan Carlos I"	""	""	""	""	""	""	""	"{'highway': 'residential', 'name': 'Calle Juan Carlos I', 'oneway': 'yes'}"
"way"	"721620875"	"Calle Agustín Aragón"	""	""	""	""	""	""	""	"{'highway': 'residential', 'name': 'Calle Agustín Aragón', 'oneway': 'yes'}"
"way"	"975465341"	"Calle Rambla"	""	""	""	""	""	""	""	"{'highway': 'residential', 'name': 'Calle Rambla'}"
"way"	"27851995"	"Calle de Monóvar"	""	""	""	""	""	""	""	"{'highway': 'tertiary', 'name': 'Calle de Monóvar', 'oneway': 'yes'}"
"way"	"27852000"	"Calle Badén de Rico Lucas"	""	""	""	""	""	""	""	"{'highway': 'secondary', 'name': 'Calle Badén de Rico Lucas', 'oneway': 'yes', 'ref': 'CV-836', 'source': 'PNOA;datos oficiales'}"
"way"	"27852003"	"Calle Badén de Rico Lucas"	""	""	""	""	""	""	""	"{'highway': 'secondary', 'name': 'Calle Badén de Rico Lucas', 'oneway': 'yes', 'ref': 'CV-836', 'source': 'PNOA;datos oficiales'}"
"way"	"27852079"	"Calle Francisco de Quevedo"	""	""	""	""	""	""	""	"{'highway': 'residential', 'name': 'Calle Francisco de Quevedo', 'oneway': 'yes'}"
"way"	"27852081"	"Calle San Francisco"	""	""	""	""	""	""	""	"{'highway': 'residential', 'name': 'Calle San Francisco', 'oneway': 'yes'}"
"way"	"27852183"	"Calle Infanta Cristina"	""	""	""	""	""	""	""	"{'highway': 'residential', 'name': 'Calle Infanta Cristina'}"
"way"	"27852184"	"Calle Turco"	""	""	""	""	""	""	""	"{'highway': 'residential', 'name': 'Calle Turco'}"
"way"	"27852185"	"Calle Cánovas del Castillo"	""	""	""	""	""	""	""	"{'highway': 'residential', 'name': 'Calle Cánovas del Castillo', 'oneway': 'yes'}"
"way"	"27852215"	"Calle Duque de la Torre"	""	""	""	""	""	""	""	"{'highway': 'residential', 'name': 'Calle Duque de la Torre'}"
"way"	"220287028"	"Calle Dos de Mayo"	""	""	""	""	""	""	""	"{'highway': 'residential', 'name': 'Calle Dos de Mayo', 'oneway': 'yes'}"
"way"	"220287035"	"Calle Ancha"	""	""	""	""	""	""	""	"{'highway': 'residential', 'name': 'Calle Ancha'}"
"way"	"220287037"	"Calle María Moliner"	""	""	""	""	""	""	""	"{'highway': 'residential', 'name': 'Calle María Moliner'}"
"way"	"220287076"	"Calle Seis"	""	""	""	""	""	""	""	"{'highway': 'residential', 'name': 'Calle Seis'}"
"way"	"220287086"	"Calle Infanta Cristina"	""	""	""	""	""	""	""	"{'highway': 'residential', 'name': 'Calle Infanta Cristina'}"
"way"	"220287089"	"Calle Llauradors"	""	""	""	""	""	""	""	"{'highway': 'residential', 'name': 'Calle Llauradors'}"
"way"	"220287091"	"Calle Maestro Chapí"	""	""	""	""	""	""	""	"{'highway': 'residential', 'name': 'Calle Maestro Chapí', 'surface': 'paving_stones'}"
"way"	"220287105"	"Calle López Seva"	""	""	""	""	""	""	""	"{'highway': 'residential', 'name': 'Calle López Seva'}"
"way"	"220287110"	"Calle Cuevas"	""	""	""	""	""	""	""	"{'highway': 'residential', 'name': 'Calle Cuevas'}"
"way"	"220287128"	"Calle Olózaga"	""	""	""	""	""	""	""	"{'highway': 'residential', 'name': 'Calle Olózaga', 'oneway': 'yes'}"
"way"	"220287131"	"Calle Siete"	""	""	""	""	""	""	""	"{'highway': 'residential', 'name': 'Calle Siete'}"
"way"	"220287134"	"Calle María Blasco"	""	""	""	""	""	""	""	"{'highway': 'residential', 'name': 'Calle María Blasco', 'oneway': 'yes'}"
"way"	"220287135"	"Calle San Roque"	""	""	""	""	""	""	""	"{'highway': 'residential', 'name': 'Calle San Roque', 'oneway': 'yes'}"
"way"	"220287137"	"Calle Centro"	""	""	""	""	""	""	""	"{'highway': 'residential', 'name': 'Calle Centro'}"
"way"	"220287140"	"Calle Maestro Albéniz"	""	""	""	""	""	""	""	"{'highway': 'residential', 'name': 'Calle Maestro Albéniz', 'surface': 'paving_stones'}"
"way"	"220287149"	"Calle Gabriel Galán"	""	""	""	""	""	""	""	"{'highway': 'residential', 'name': 'Calle Gabriel Galán', 'oneway': 'yes'}"
"way"	"220287152"	"Calle Corzo"	""	""	""	""	""	""	""	"{'highway': 'residential', 'name': 'Calle Corzo'}"
"way"	"220287153"	"Calle María Montessori"	""	""	""	""	""	""	""	"{'highway': 'residential', 'name': 'Calle María Montessori'}"
"way"	"220287160"	"Calle Centro"	""	""	""	""	""	""	""	"{'highway': 'residential', 'name': 'Calle Centro'}"
"way"	"220287162"	"Calle San Francisco"	""	""	""	""	""	""	""	"{'highway': 'residential', 'name': 'Calle San Francisco', 'oneway': 'yes'}"
"way"	"220287167"	"Calle Maestro Domenech"	""	""	""	""	""	""	""	"{'highway': 'residential', 'name': 'Calle Maestro Domenech', 'oneway': 'yes'}"
"way"	"220287178"	"Calle Monastrell"	""	""	""	""	""	""	""	"{'highway': 'residential', 'name': 'Calle Monastrell'}"
"way"	"227757763"	"Calle Ramón del Valle Inclán"	""	""	""	""	""	""	""	"{'highway': 'residential', 'name': 'Calle Ramón del Valle Inclán'}"
"way"	"476190842"	"Calle Ramón del Valle Inclán"	""	""	""	""	""	""	""	"{'highway': 'residential', 'name': 'Calle Ramón del Valle Inclán', 'oneway': 'yes'}"
"way"	"476190843"	"Calle Centro"	""	""	""	""	""	""	""	"{'highway': 'steps', 'name': 'Calle Centro'}"
"way"	"476190844"	"Calle Centro"	""	""	""	""	""	""	""	"{'highway': 'residential', 'name': 'Calle Centro'}"
"way"	"476190845"	"Calle Centro"	""	""	""	""	""	""	""	"{'highway': 'steps', 'name': 'Calle Centro'}"
"way"	"476190846"	"Calle Vista Alegre"	""	""	""	""	""	""	""	"{'highway': 'residential', 'name': 'Calle Vista Alegre'}"
"way"	"476190851"	"Calle del Reloj"	""	""	""	""	""	""	""	"{'highway': 'residential', 'name': 'Calle del Reloj'}"
"way"	"476190853"	"Calle del Reloj"	""	""	""	""	""	""	""	"{'highway': 'steps', 'name': 'Calle del Reloj'}"
"way"	"476190855"	"Calle San Ildefonso"	""	""	""	""	""	""	""	"{'highway': 'residential', 'name': 'Calle San Ildefonso'}"
"way"	"476190856"	"Calle San Ildefonso"	""	""	""	""	""	""	""	"{'highway': 'residential', 'name': 'Calle San Ildefonso'}"
"way"	"476190857"	"Calle San Ildefonso"	""	""	""	""	""	""	""	"{'highway': 'pedestrian', 'name': 'Calle San Ildefonso'}"
"way"	"476190858"	"Calle del Reloj"	""	""	""	""	""	""	""	"{'highway': 'residential', 'name': 'Calle del Reloj', 'oneway': 'yes'}"
"way"	"476190859"	"Calle San Roque"	""	""	""	""	""	""	""	"{'highway': 'residential', 'name': 'Calle San Roque', 'oneway': 'yes'}"
"way"	"476190861"	"Calle García Sanchiz"	""	""	""	""	""	""	""	"{'highway': 'residential', 'name': 'Calle García Sanchiz', 'oneway': 'yes'}"
"way"	"476190862"	"Calle del Pintor Albert"	""	""	""	""	""	""	""	"{'highway': 'residential', 'name': 'Calle del Pintor Albert'}"
"way"	"476190864"	"Calle Juan Albert"	""	""	""	""	""	""	""	"{'highway': 'steps', 'name': 'Calle Juan Albert'}"
"way"	"476190869"	"Calle 12 de Febrero de 1826"	""	""	""	""	""	""	""	"{'highway': 'residential', 'name': 'Calle 12 de Febrero de 1826', 'oneway': 'yes'}"
"way"	"476190885"	"Calle del Pintor Albert"	""	""	""	""	""	""	""	"{'highway': 'residential', 'name': 'Calle del Pintor Albert', 'oneway': 'yes'}"
"way"	"476190889"	"Calle Luis Salinas"	""	""	""	""	""	""	""	"{'highway': 'residential', 'name': 'Calle Luis Salinas', 'oneway': 'yes'}"
"way"	"476190891"	"Calle López Seva"	""	""	""	""	""	""	""	"{'highway': 'residential', 'name': 'Calle López Seva'}"
"way"	"476190892"	"Calle López Seva"	""	""	""	""	""	""	""	"{'highway': 'residential', 'name': 'Calle López Seva'}"
"way"	"476190893"	"Calle Centro"	""	""	""	""	""	""	""	"{'highway': 'service', 'name': 'Calle Centro'}"
"way"	"476190903"	"Calle Ramón del Valle Inclán"	""	""	""	""	""	""	""	"{'highway': 'unclassified', 'name': 'Calle Ramón del Valle Inclán'}"
"way"	"721628828"	"Calle Maestro Albéniz"	""	""	""	""	""	""	""	"{'highway': 'residential', 'name': 'Calle Maestro Albéniz'}"
"way"	"721642338"	"Calle Cánovas del Castillo"	""	""	""	""	""	""	""	"{'highway': 'residential', 'name': 'Calle Cánovas del Castillo'}"
"way"	"975469538"	"Calle Perfecto Rico Mira"	""	""	""	""	""	""	""	"{'highway': 'tertiary', 'name': 'Calle Perfecto Rico Mira', 'oneway': 'yes'}"
"way"	"220287114"	"Calle Nueve"	""	""	""	""	""	""	""	"{'highway': 'residential', 'name': 'Calle Nueve'}"
"way"	"220287176"	"Calle Nueve"	""	""	""	""	""	""	""	"{'highway': 'residential', 'name': 'Calle Nueve'}"
"way"	"721558308"	"Calle Diez"	""	""	""	""	""	""	""	"{'highway': 'residential', 'name': 'Calle Diez'}"
"way"	"721558310"	"Calle Uno"	""	""	""	""	""	""	""	"{'highway': 'residential', 'name': 'Calle Uno'}"
"way"	"171690818"	"Calle de Raval de Zafarig"	""	""	""	""	""	""	""	"{'highway': 'residential', 'name': 'Calle de Raval de Zafarig'}"
"way"	"171691122"	"Calle de Bécquer"	""	""	""	""	""	""	""	"{'highway': 'residential', 'name': 'Calle de Bécquer'}"
"way"	"171691633"	"Calle de Consejeros"	""	""	""	""	""	""	""	"{'highway': 'residential', 'name': 'Calle de Consejeros'}"
"way"	"171693031"	"Calle del Doctor Fléming"	""	""	""	""	""	""	""	"{'highway': 'residential', 'name': 'Calle del Doctor Fléming', 'oneway': 'yes'}"
"way"	"220326079"	"Calle Santa Barbera"	""	""	""	""	""	""	""	"{'highway': 'residential', 'name': 'Calle Santa Barbera', 'oneway': 'yes'}"
"way"	"220327530"	"Calle de Quiles Mollà"	""	""	""	""	""	""	""	"{'highway': 'residential', 'lit': 'yes', 'name': 'Calle de Quiles Mollà', 'surface': 'paving_stones'}"
"way"	"239600364"	"Calle Lluís Martí"	""	""	""	""	""	""	""	"{'highway': 'residential', 'name': 'Calle Lluís Martí', 'oneway': 'yes'}"
"way"	"666963928"	"Calle Doña Carmela Pérez Muño"	""	""	""	""	""	""	""	"{'highway': 'pedestrian', 'name': 'Calle Doña Carmela Pérez Muño'}"
"way"	"668047757"	"Calle Argentina"	""	""	""	""	""	""	""	"{'highway': 'pedestrian', 'name': 'Calle Argentina'}"
"way"	"678032244"	"Calle Glorieta"	""	""	""	""	""	""	""	"{'highway': 'residential', 'name': 'Calle Glorieta'}"
"way"	"171691212"	"Calle José Amorós Serrano"	""	""	""	""	""	""	""	"{'highway': 'residential', 'name': 'Calle José Amorós Serrano'}"
"way"	"222873744"	"Calle de Virgen de Montserrat"	""	""	""	""	""	""	""	"{'highway': 'residential', 'name': 'Calle de Virgen de Montserrat', 'oneway': 'yes'}"
"way"	"43140944"	"Calle Gil Albert"	""	""	""	""	""	""	""	"{'highway': 'residential', 'name': 'Calle Gil Albert', 'oneway': 'yes'}"
"way"	"27811988"	"Calle de la Sanidad Pública"	""	""	""	""	""	""	""	"{'highway': 'residential', 'name': 'Calle de la Sanidad Pública', 'oneway': 'yes'}"
"way"	"220338119"	"Calle María Blasco"	""	""	""	""	""	""	""	"{'highway': 'residential', 'name': 'Calle María Blasco'}"
"way"	"43106769"	"Calle Eleuterio Maisonnave"	""	""	""	""	""	""	""	"{'highway': 'residential', 'name': 'Calle Eleuterio Maisonnave'}"
"way"	"43106642"	"Calle Padre Lorenzo Cantó"	""	""	""	""	""	""	""	"{'highway': 'residential', 'name': 'Calle Padre Lorenzo Cantó', 'oneway': 'yes'}"
"way"	"41675454"	"Calle Alcalde Manuel Alberola"	""	""	""	""	""	""	""	"{'highway': 'residential', 'name': 'Calle Alcalde Manuel Alberola', 'oneway': 'yes'}"
"way"	"43158038"	"Calle de José Luis Gómez-Navarro"	""	""	""	""	""	""	""	"{'highway': 'residential', 'name': 'Calle de José Luis Gómez-Navarro', 'oneway': 'yes'}"
"way"	"43170078"	"Calle Guitarrista Tárrega"	""	""	""	""	""	""	""	"{'highway': 'residential', 'name': 'Calle Guitarrista Tárrega', 'oneway': 'yes'}"
"way"	"44845716"	"Calle San Isidro"	""	""	"Carrer Fondo"	""	""	""	""	"{'alt_name': 'Carrer Fondo', 'highway': 'residential', 'name': 'Calle San Isidro'}"
"way"	"364781959"	"Calle Donoso Cortés"	""	""	"Carrer de la Garrova"	""	""	""	""	"{'alt_name': 'Carrer de la Garrova', 'highway': 'living_street', 'name': 'Calle Donoso Cortés'}"
"way"	"475915147"	"Calle Camino del Campet"	""	""	""	""	""	""	""	"{'highway': 'residential', 'name': 'Calle Camino del Campet', 'oneway': 'yes'}"
"way"	"41659640"	"Calle Viriato"	""	""	""	""	""	""	""	"{'highway': 'residential', 'name': 'Calle Viriato'}"
"way"	"41675458"	"Calle Maestro Ramis"	""	""	""	""	""	""	""	"{'highway': 'residential', 'name': 'Calle Maestro Ramis', 'oneway': 'yes'}"
"way"	"43143178"	"Calle Camino del Campet"	""	""	""	""	""	""	""	"{'highway': 'residential', 'name': 'Calle Camino del Campet', 'oneway': 'no'}"
"way"	"43170079"	"Calle Capellán Margall"	""	""	""	""	""	""	""	"{'highway': 'residential', 'name': 'Calle Capellán Margall'}"
"way"	"43571354"	"Calle del Gran Capitán"	""	""	""	""	""	""	""	"{'highway': 'residential', 'name': 'Calle del Gran Capitán', 'oneway': 'yes'}"
"way"	"220338121"	"Calle Dos de Mayo"	""	""	""	""	""	""	""	"{'highway': 'residential', 'name': 'Calle Dos de Mayo', 'oneway': 'yes'}"
"way"	"367342067"	"Calle Pablo Sarasate"	""	""	""	""	""	""	""	"{'highway': 'residential', 'name': 'Calle Pablo Sarasate', 'oneway': 'yes', 'source': 'PNOA;datos oficiales'}"
"way"	"428958840"	"Calle Pablo Sarasate"	""	""	""	""	""	""	""	"{'highway': 'residential', 'name': 'Calle Pablo Sarasate', 'oneway': 'yes', 'source': 'PNOA;datos oficiales'}"
"way"	"428958841"	"Calle Pablo Sarasate"	""	""	""	""	""	""	""	"{'highway': 'residential', 'name': 'Calle Pablo Sarasate', 'oneway': 'yes', 'ref': 'CV-832', 'source': 'PNOA;datos oficiales'}"
"way"	"428958842"	"Calle Pablo Sarasate"	""	""	""	""	""	""	""	"{'highway': 'residential', 'name': 'Calle Pablo Sarasate', 'oneway': 'yes', 'ref': 'CV-832', 'source': 'PNOA;datos oficiales'}"
"way"	"43226470"	"Calle del Cronista José Cremades Seller"	""	""	""	""	""	""	""	"{'highway': 'residential', 'name': 'Calle del Cronista José Cremades Seller', 'oneway': 'yes'}"
"way"	"43226471"	"Calle del cronista Francisco Escolano Gómez"	""	""	""	""	""	""	""	"{'highway': 'residential', 'name': 'Calle del cronista Francisco Escolano Gómez', 'oneway': 'yes'}"
"way"	"44039848"	"Calle El Duaime"	""	""	""	""	""	""	""	"{'highway': 'residential', 'name': 'Calle El Duaime'}"
"way"	"44039519"	"Calle Sierra del Sit"	""	""	""	""	""	""	""	"{'highway': 'residential', 'name': 'Calle Sierra del Sit'}"
"way"	"44039522"	"Calle El Duaime"	""	""	""	""	""	""	""	"{'highway': 'residential', 'name': 'Calle El Duaime'}"
"way"	"44039526"	"Calle la Serreta"	""	""	""	""	""	""	""	"{'highway': 'residential', 'name': 'Calle la Serreta', 'surface': 'asphalt'}"
"way"	"44039528"	"Calle La Mola"	""	""	""	""	""	""	""	"{'highway': 'residential', 'name': 'Calle La Mola'}"
"way"	"44039529"	"Calle La Mola"	""	""	""	""	""	""	""	"{'highway': 'residential', 'name': 'Calle La Mola', 'oneway': 'yes'}"
"way"	"44039530"	"Calle La Mola"	""	""	""	""	""	""	""	"{'highway': 'residential', 'name': 'Calle La Mola', 'oneway': 'yes'}"
"way"	"220331698"	"Calle Luis de Góngora"	""	""	""	""	""	""	""	"{'highway': 'residential', 'name': 'Calle Luis de Góngora'}"
"way"	"727730046"	"Calle Beties"	""	""	""	""	""	""	""	"{'highway': 'residential', 'name': 'Calle Beties'}"
"way"	"220322146"	"Calle Mare de Déu dels Desemparats"	""	""	""	""	""	""	""	"{'highway': 'residential', 'name': 'Calle Mare de Déu dels Desemparats', 'oneway': 'yes'}"
"way"	"220327551"	"Calle Guardería"	""	""	""	""	""	""	""	"{'highway': 'residential', 'name': 'Calle Guardería'}"
"way"	"239597073"	"Calle Juan Amo"	""	""	""	""	""	""	""	"{'highway': 'residential', 'name': 'Calle Juan Amo', 'oneway': 'yes'}"
"way"	"220322186"	"Calle Pere Caneu"	""	""	""	""	""	""	""	"{'highway': 'residential', 'name': 'Calle Pere Caneu', 'oneway': 'yes'}"
"way"	"220326057"	"Calle Pedro Román Deltell"	""	""	""	""	""	""	""	"{'highway': 'residential', 'name': 'Calle Pedro Román Deltell', 'oneway': 'yes'}"
"way"	"220326065"	"Calle Dolores Cortés"	""	""	""	""	""	""	""	"{'highway': 'residential', 'name': 'Calle Dolores Cortés', 'oneway': 'yes'}"
"way"	"220322163"	"Calle Mestre Chapí"	""	""	""	""	""	""	""	"{'highway': 'residential', 'name': 'Calle Mestre Chapí', 'oneway': 'yes'}"
"way"	"96773501"	"Calle Coimbra"	""	""	""	""	""	""	""	"{'highway': 'residential', 'name': 'Calle Coimbra', 'oneway': 'yes'}"
"way"	"113596440"	"Calle los Laureles"	""	""	""	""	""	""	""	"{'highway': 'residential', 'name': 'Calle los Laureles', 'oneway': 'yes'}"
"way"	"112503145"	"Calle Remedios Jover ""La Casera"""	""	""	""	""	""	""	""	"{'highway': 'residential', 'name': 'Calle Remedios Jover ""La Casera""', 'oneway': 'yes'}"
"way"	"171549350"	"Calle Costa del Sol"	""	""	""	""	""	""	""	"{'highway': 'residential', 'name': 'Calle Costa del Sol', 'oneway': 'yes'}"
"way"	"112401019"	"Calle Modista Doña Manolita Tordera"	""	""	""	""	""	""	""	"{'highway': 'residential', 'name': 'Calle Modista Doña Manolita Tordera', 'oneway': 'yes'}"
"way"	"162080342"	"Calle Siete Hermanos"	""	""	""	""	""	""	""	"{'highway': 'residential', 'name': 'Calle Siete Hermanos', 'oneway': 'yes'}"
