"# EDITED with R"	""	""	""	""	""	""	""	""	""	""	""
"name"	"name:ca"	"alt_name"	"alt_name:ca"	"translations"	"ca.wikipedia_page"	"wikidata_type"	"wikidata_id"	"typeOSM"	"idOSM"	"multilang_names"	"all_tags"
"Avinguda de Lledoners / Carrer Llac"	"Avinguda de Lledoners / Carrer Llac"							"node"	"6593897569"	"short_name=Av. Lledoners / C. Llac"	"{'bus': 'yes', 'highway': 'bus_stop', 'name': 'Avinguda de Lledoners / Carrer Llac', 'public_transport': 'platform', 'short_name': 'Av. Lledoners / C. Llac'}"
"Avinguda del Bonaire"	"Avinguda del Bonaire"							"way"	"1083808682"		"{'highway': 'residential', 'name': 'Avinguda del Bonaire'}"
"Avinguda del Bonaire"	"Avinguda del Bonaire"							"way"	" 106293625"		"{'highway': 'residential', 'name': 'Avinguda del Bonaire'}"
"Avinguda del Bonaire"	"Avinguda del Bonaire"							"way"	"  34826672"		"{'highway': 'residential', 'name': 'Avinguda del Bonaire'}"
"Avinguda dels Lledoners"	"Avinguda dels Lledoners"							"way"	"1009976136"		"{'highway': 'residential', 'lit': 'yes', 'name': 'Avinguda dels Lledoners', 'oneway': 'no', 'sidewalk': 'both', 'surface': 'asphalt'}"
"Avinguda dels Lledoners"	"Avinguda dels Lledoners"							"way"	" 152303282"		"{'highway': 'residential', 'name': 'Avinguda dels Lledoners', 'oneway': 'no'}"
"camí a Puigdomènec"	"camí a Puigdomènec"							"way"	" 666384958"		"{'highway': 'residential', 'name': 'camí a Puigdomènec', 'oneway': 'yes'}"
"camí a Puigdomènec"	"camí a Puigdomènec"							"way"	"  48675357"		"{'highway': 'residential', 'name': 'camí a Puigdomènec'}"
"camí a Puigdomènec"	"camí a Puigdomènec"							"way"	" 666384957"		"{'highway': 'residential', 'name': 'camí a Puigdomènec', 'oneway': 'yes'}"
"Camí Antic de Caldes"	"Camí Antic de Caldes"							"way"	"  79394528"		"{'highway': 'residential', 'name': 'Camí Antic de Caldes'}"
"Camí Antic de Caldes"	"Camí Antic de Caldes"							"way"	"  79394517"		"{'highway': 'residential', 'name': 'Camí Antic de Caldes'}"
"Camí Antic del Bruguer"	"Camí Antic del Bruguer"							"way"	" 965513536"		"{'highway': 'track', 'name': 'Camí Antic del Bruguer', 'tracktype': 'grade2'}"
"Camí de Bastida"	"Camí de Bastida"							"way"	" 108157507"		"{'highway': 'unclassified', 'name': 'Camí de Bastida'}"
"Camí de Ca l'Artigues"	"Camí de Ca l'Artigues"							"way"	"  79394511"		"{'highway': 'residential', 'name': \"Camí de Ca l'Artigues\"}"
"Camí de Ca l'Enricó"	"Camí de Ca l'Enricó"							"way"	" 344736023"		"{'highway': 'track', 'name': \"Camí de Ca l'Enricó\"}"
"Camí de Caldes a Santa Eulalia"	"Camí de Caldes a Santa Eulalia"							"way"	" 130228562"		"{'highway': 'unclassified', 'lanes': '2', 'name': 'Camí de Caldes a Santa Eulalia', 'surface': 'asphalt'}"
"Camí de Caldes a Santa Eulàlia"	"Camí de Caldes a Santa Eulàlia"							"way"	"  35772284"		"{'cycleway:both': 'no', 'highway': 'unclassified', 'lanes': '2', 'name': 'Camí de Caldes a Santa Eulàlia', 'surface': 'asphalt'}"
"Camí de Caldes a Santa Eulàlia"	"Camí de Caldes a Santa Eulàlia"							"way"	" 492375540"		"{'cycleway:both': 'no', 'highway': 'unclassified', 'lanes': '2', 'name': 'Camí de Caldes a Santa Eulàlia', 'surface': 'asphalt'}"
"Camí de Caldes a Santa Eulàlia"	"Camí de Caldes a Santa Eulàlia"							"way"	" 492375541"		"{'cycleway:both': 'no', 'highway': 'unclassified', 'lanes': '2', 'name': 'Camí de Caldes a Santa Eulàlia', 'surface': 'asphalt'}"
"Camí de Caldes a Santa Eulàlia"	"Camí de Caldes a Santa Eulàlia"							"way"	" 130228563"		"{'cycleway:both': 'no', 'highway': 'unclassified', 'lanes': '2', 'name': 'Camí de Caldes a Santa Eulàlia', 'surface': 'asphalt'}"
"Camí de Caldes de Montbui a Santa Eulàlia de Ronçana"	"Camí de Caldes de Montbui a Santa Eulàlia de Ronçana"							"way"	" 229300244"		"{'highway': 'track', 'name': 'Camí de Caldes de Montbui a Santa Eulàlia de Ronçana'}"
"camí de Can Barnils"	"camí de Can Barnils"							"way"	" 408034809"		"{'highway': 'residential', 'name': 'camí de Can Barnils'}"
"camí de Can Barnils"	"camí de Can Barnils"							"way"	"  83823744"		"{'highway': 'track', 'name': 'camí de Can Barnils'}"
"Camí de Can Brunomestre"	"Camí de Can Brunomestre"							"way"	" 297061880"		"{'highway': 'residential', 'lit': 'yes', 'name': 'Camí de Can Brunomestre', 'oneway': 'yes', 'sidewalk': 'both', 'surface': 'asphalt'}"
"Camí de Can Brunomestre"	"Camí de Can Brunomestre"							"way"	" 297061878"		"{'highway': 'service', 'motor_vehicle': 'permissive', 'name': 'Camí de Can Brunomestre', 'service': 'alley', 'surface': 'unpaved'}"
"camí de Can Costa"	"camí de Can Costa"							"way"	"  83823284"		"{'highway': 'residential', 'name': 'camí de Can Costa'}"
"camí de Can Costa"	"camí de Can Costa"							"way"	" 248307597"		"{'highway': 'unclassified', 'name': 'camí de Can Costa'}"
"camí de Can Feu"	"camí de Can Feu"							"way"	"  34826658"		"{'highway': 'residential', 'name': 'camí de Can Feu', 'surface': 'unpaved'}"
"camí de Can Feu"	"camí de Can Feu"							"way"	" 405981770"		"{'highway': 'residential', 'name': 'camí de Can Feu'}"
"Camí de Can Figueretes"	"Camí de Can Figueretes"							"way"	" 108157509"		"{'highway': 'track', 'name': 'Camí de Can Figueretes'}"
"Camí de Can Figueretes"	"Camí de Can Figueretes"							"way"	" 965513534"		"{'highway': 'residential', 'lit': 'yes', 'name': 'Camí de Can Figueretes', 'sidewalk': 'left', 'surface': 'asphalt'}"
"Camí de Can Gafa"	"Camí de Can Gafa"							"way"	"  35772030"		"{'highway': 'residential', 'name': 'Camí de Can Gafa'}"
"camí de Can Marxant"	"camí de Can Marxant"							"way"	" 326180657"		"{'highway': 'residential', 'name': 'camí de Can Marxant'}"
"camí de Can Met"	"camí de Can Met"							"way"	"  83823278"		"{'highway': 'residential', 'name': 'camí de Can Met'}"
"Camí de Can Ribas"	"Camí de Can Ribas"							"way"	" 192774857"		"{'highway': 'residential', 'name': 'Camí de Can Ribas'}"
"Camí de Can Ribas"	"Camí de Can Ribas"							"way"	" 193023058"		"{'highway': 'residential', 'name': 'Camí de Can Ribas'}"
"Camí de Can Ribas"	"Camí de Can Ribas"							"way"	" 192515452"		"{'highway': 'residential', 'name': 'Camí de Can Ribas'}"
"camí de Can Sabater"	"camí de Can Sabater"							"way"	" 405981771"		"{'highway': 'residential', 'name': 'camí de Can Sabater'}"
"camí de Can Torras"	"camí de Can Torras"							"way"	"  34868183"		"{'highway': 'residential', 'name': 'camí de Can Torras'}"
"camí de Can Torras"	"camí de Can Torras"							"way"	"  34693604"		"{'highway': 'residential', 'lit': 'yes', 'name': 'camí de Can Torras', 'sidewalk': 'both', 'surface': 'asphalt'}"
"Camí de Can Vidal"	"Camí de Can Vidal"							"way"	" 247057739"		"{'highway': 'residential', 'name': 'Camí de Can Vidal'}"
"Camí de Can Vidal"	"Camí de Can Vidal"							"way"	" 247057741"		"{'highway': 'residential', 'lit': 'yes', 'name': 'Camí de Can Vidal', 'sidewalk': 'both', 'surface': 'asphalt'}"
"Camí de Canovelles a l'Ametlla"	"Camí de Canovelles a l'Ametlla"							"way"	"  83823749"		"{'highway': 'residential', 'name': \"Camí de Canovelles a l'Ametlla\", 'surface': 'asphalt'}"
"camí de Granollers a Bigues"	"camí de Granollers a Bigues"							"way"	" 154712945"		"{'cycleway:both': 'no', 'highway': 'unclassified', 'lane_markings': 'no', 'name': 'camí de Granollers a Bigues', 'surface': 'asphalt'}"
"Camí de Gual"	"Camí de Gual"							"way"	"  34868186"		"{'cycleway:both': 'no', 'highway': 'unclassified', 'lanes': '2', 'name': 'Camí de Gual', 'surface': 'asphalt'}"
"Camí de l'Alosa"	"Camí de l'Alosa"							"way"	"  83823499"		"{'highway': 'residential', 'name': \"Camí de l'Alosa\"}"
"Camí de la Guatlla"	"Camí de la Guatlla"							"way"	"  83823498"		"{'highway': 'residential', 'name': 'Camí de la Guatlla'}"
"Camí de la Rovira"	"Camí de la Rovira"							"way"	"  48172863"		"{'highway': 'residential', 'name': 'Camí de la Rovira'}"
"Camí de la Rovira"	"Camí de la Rovira"							"way"	" 130227736"		"{'highway': 'residential', 'name': 'Camí de la Rovira'}"
"Camí de la Serra Granada"	"Camí de la Serra Granada"							"way"	"  35772301"		"{'cycleway:both': 'no', 'highway': 'unclassified', 'lanes': '2', 'name': 'Camí de la Serra Granada', 'surface': 'asphalt'}"
"Camí de Rosàs"	"Camí de Rosàs"							"way"	" 845507361"		"{'highway': 'unclassified', 'name': 'Camí de Rosàs'}"
"Camí de Salve Regina"	"Camí de Salve Regina"							"way"	" 845507362"		"{'highway': 'unclassified', 'name': 'Camí de Salve Regina'}"
"camí del Cementiri"	"camí del Cementiri"							"way"	" 344736020"		"{'highway': 'track', 'name': 'camí del Cementiri'}"
"Camí del Faisà"	"Camí del Faisà"							"way"	" 245082506"		"{'highway': 'residential', 'name': 'Camí del Faisà'}"
"Camí del Flix"	"Camí del Flix"							"way"	" 192791858"		"{'highway': 'track', 'name': 'Camí del Flix', 'surface': 'compacted', 'tracktype': 'grade1'}"
"camí del Mas"	"camí del Mas"							"way"	"  83823496"		"{'highway': 'residential', 'name': 'camí del Mas'}"
"camí del Mas"	"camí del Mas"							"way"	" 845507360"		"{'highway': 'residential', 'name': 'camí del Mas'}"
"camí del Mas"	"camí del Mas"							"way"	" 845507359"		"{'highway': 'track', 'name': 'camí del Mas', 'surface': 'unpaved'}"
"Camí del Serrat"	"Camí del Serrat"							"way"	" 666384962"		"{'highway': 'residential', 'lit': 'yes', 'name': 'Camí del Serrat', 'ref': '8065238', 'sidewalk': 'right', 'surface': 'asphalt'}"
"Camí dels Ocells"	"Camí dels Ocells"							"way"	"  83823495"		"{'highway': 'residential', 'name': 'Camí dels Ocells'}"
"Camí Orenetes"	"Camí Orenetes"							"way"	"  83823490"		"{'highway': 'residential', 'name': 'Camí Orenetes'}"
"Camí Salve Regina"	"Camí Salve Regina"							"way"	"  48675365"		"{'highway': 'residential', 'name': 'Camí Salve Regina'}"
"Camí Salve Regina"	"Camí Salve Regina"							"way"	" 134241959"		"{'highway': 'residential', 'name': 'Camí Salve Regina'}"
"Camí Salve Regina"	"Camí Salve Regina"							"way"	" 134241970"		"{'highway': 'residential', 'name': 'Camí Salve Regina'}"
"Carrer Andalusia"	"Carrer Andalusia"							"way"	" 108158218"		"{'highway': 'residential', 'name': 'Carrer Andalusia'}"
"Carrer Aneto"	"Carrer Aneto"							"way"	"  48675378"		"{'highway': 'residential', 'name': 'Carrer Aneto'}"
"Carrer Anselm Clavé"	"Carrer Anselm Clavé"							"way"	" 152303115"		"{'highway': 'residential', 'lit': 'yes', 'name': 'Carrer Anselm Clavé', 'sidewalk': 'both', 'surface': 'asphalt'}"
"Carrer Avellaners"	"Carrer Avellaners"							"way"	" 108158220"		"{'highway': 'residential', 'name': 'Carrer Avellaners'}"
"Carrer Avellaners"	"Carrer Avellaners"							"way"	" 130227517"		"{'highway': 'residential', 'name': 'Carrer Avellaners'}"
"Carrer Baixada"	"Carrer Baixada"							"way"	" 326180627"		"{'highway': 'living_street', 'name': 'Carrer Baixada'}"
"Carrer Baixada"	"Carrer Baixada"							"way"	" 326180626"		"{'highway': 'living_street', 'name': 'Carrer Baixada'}"
"Carrer Bellavista"	"Carrer Bellavista"							"way"	"  48172867"		"{'highway': 'residential', 'name': 'Carrer Bellavista'}"
"Carrer Bertí"	"Carrer Bertí"							"way"	"  83823733"		"{'highway': 'residential', 'name': 'Carrer Bertí'}"
"Carrer Bonavista"	"Carrer Bonavista"							"way"	"  83823474"		"{'highway': 'residential', 'name': 'Carrer Bonavista'}"
"Carrer Bosc d'en Roure"	"Carrer Bosc d'en Roure"							"way"	" 245083713"		"{'highway': 'residential', 'name': \"Carrer Bosc d'en Roure\"}"
"Carrer Cadí"	"Carrer Cadí"							"way"	" 245081935"		"{'highway': 'residential', 'name': 'Carrer Cadí'}"
"Carrer Can Tabac"	"Carrer Can Tabac"							"way"	" 247057742"		"{'highway': 'residential', 'name': 'Carrer Can Tabac'}"
"Carrer Cirerer"	"Carrer Cirerer"							"way"	" 326180628"		"{'highway': 'residential', 'name': 'Carrer Cirerer'}"
"Carrer Coloma"	"Carrer Coloma"							"way"	" 245083284"		"{'highway': 'residential', 'name': 'Carrer Coloma'}"
"Carrer d'Àngel Guimerà"	"Carrer d'Àngel Guimerà"							"way"	"  83823730"	"name:etymology:wikidata=Q175485"	"{'highway': 'residential', 'name': \"Carrer d'Àngel Guimerà\", 'name:etymology:wikidata': 'Q175485'}"
"Carrer d'Aragó"	"Carrer d'Aragó"							"way"	"  35772025"		"{'highway': 'residential', 'name': \"Carrer d'Aragó\"}"
"Carrer d'Ausiàs Marc"	"Carrer d'Ausiàs Marc"							"way"	"  83823734"		"{'highway': 'residential', 'name': \"Carrer d'Ausiàs Marc\"}"
"Carrer d'Eivissa"	"Carrer d'Eivissa"							"way"	"  83823753"		"{'highway': 'residential', 'name': \"Carrer d'Eivissa\"}"
"Carrer d'Ernest Lluch"	"Carrer d'Ernest Lluch"							"way"	" 965513533"		"{'highway': 'residential', 'name': \"Carrer d'Ernest Lluch\", 'sidewalk': 'right', 'surface': 'asphalt'}"
"Carrer de Caldes"	"Carrer de Caldes"							"way"	"  79394519"		"{'highway': 'residential', 'name': 'Carrer de Caldes'}"
"Carrer de Can Farell"	"Carrer de Can Farell"							"way"	"  79394525"		"{'highway': 'residential', 'name': 'Carrer de Can Farell'}"
"Carrer de Can Marge"	"Carrer de Can Marge"							"way"	"  34708433"		"{'highway': 'unclassified', 'name': 'Carrer de Can Marge'}"
"Carrer de Can Marge"	"Carrer de Can Marge"							"way"	" 134241938"		"{'highway': 'unclassified', 'name': 'Carrer de Can Marge'}"
"Carrer de Can Maset"	"Carrer de Can Maset"							"way"	" 247057743"		"{'highway': 'residential', 'name': 'Carrer de Can Maset'}"
"Carrer de Carles Buigas"	"Carrer de Carles Buigas"							"way"	"  34708434"		"{'highway': 'residential', 'name': 'Carrer de Carles Buigas'}"
"Carrer de Castella"	"Carrer de Castella"							"way"	" 108158216"		"{'highway': 'residential', 'name': 'Carrer de Castella'}"
"Carrer de Catalunya"	"Carrer de Catalunya"							"way"	"  35772013"		"{'highway': 'residential', 'name': 'Carrer de Catalunya'}"
"Carrer de Formentera"	"Carrer de Formentera"							"way"	"  83823752"		"{'highway': 'residential', 'name': 'Carrer de Formentera'}"
"Carrer de Francesc Cros"	"Carrer de Francesc Cros"							"way"	"  35771660"		"{'highway': 'residential', 'name': 'Carrer de Francesc Cros'}"
"Carrer de Girona"	"Carrer de Girona"							"way"	"  35772108"		"{'cycleway:both': 'no', 'highway': 'tertiary', 'lanes': '2', 'name': 'Carrer de Girona', 'surface': 'asphalt'}"
"Carrer de Girona"	"Carrer de Girona"							"way"	"  34826669"		"{'cycleway:both': 'no', 'highway': 'unclassified', 'name': 'Carrer de Girona', 'surface': 'asphalt'}"
"Carrer de Girona"	"Carrer de Girona"							"way"	"1083808686"		"{'highway': 'tertiary', 'lanes': '1', 'name': 'Carrer de Girona', 'oneway': 'yes', 'surface': 'asphalt'}"
"Carrer de Girona"	"Carrer de Girona"							"way"	"  34826661"		"{'highway': 'unclassified', 'name': 'Carrer de Girona', 'surface': 'asphalt'}"
"Carrer de Girona"	"Carrer de Girona"							"way"	"1083808684"		"{'highway': 'tertiary', 'lanes': '1', 'name': 'Carrer de Girona', 'oneway': 'yes', 'surface': 'asphalt'}"
"Carrer de Girona"	"Carrer de Girona"							"way"	"1083808685"		"{'highway': 'tertiary', 'lanes': '1', 'name': 'Carrer de Girona', 'oneway': 'yes', 'surface': 'asphalt'}"
"Carrer de Girona"	"Carrer de Girona"							"way"	"1083808683"		"{'highway': 'tertiary', 'lanes': '1', 'name': 'Carrer de Girona', 'oneway': 'yes', 'surface': 'asphalt'}"
"Carrer de Joan Güell"	"Carrer de Joan Güell"							"way"	"  34708435"		"{'highway': 'residential', 'name': 'Carrer de Joan Güell'}"
"Carrer de Joan I"	"Carrer de Joan I"							"way"	" 408034811"		"{'highway': 'residential', 'lit': 'yes', 'name': 'Carrer de Joan I', 'sidewalk': 'both', 'surface': 'asphalt'}"
"Carrer de Josep Carner"	"Carrer de Josep Carner"							"way"	" 408034812"		"{'highway': 'residential', 'lit': 'yes', 'name': 'Carrer de Josep Carner', 'sidewalk': 'both', 'surface': 'asphalt'}"
"Carrer de Josep Irla"	"Carrer de Josep Irla"							"way"	" 882693193"		"{'highway': 'residential', 'name': 'Carrer de Josep Irla'}"
"Carrer de Josep Irla"	"Carrer de Josep Irla"							"way"	" 882693194"		"{'highway': 'residential', 'name': 'Carrer de Josep Irla', 'sidewalk': 'right', 'surface': 'asphalt'}"
"Carrer de Josep Pla"	"Carrer de Josep Pla"							"way"	" 408034813"	"name:etymology:wikidata=Q740256"	"{'highway': 'residential', 'name': 'Carrer de Josep Pla', 'name:etymology:wikidata': 'Q740256'}"
"Carrer de l'Alguer"	"Carrer de l'Alguer"							"way"	"  48172853"		"{'highway': 'residential', 'name': \"Carrer de l'Alguer\"}"
"Carrer de l'Atzavara"	"Carrer de l'Atzavara"							"way"	" 245080865"		"{'highway': 'residential', 'name': \"Carrer de l'Atzavara\"}"
"Carrer de l'Aurora"	"Carrer de l'Aurora"							"way"	"  48172888"		"{'highway': 'residential', 'name': \"Carrer de l'Aurora\"}"
"Carrer de l'Avet"	"Carrer de l'Avet"							"way"	"  83823751"		"{'highway': 'residential', 'name': \"Carrer de l'Avet\"}"
"Carrer de l'Oriol"	"Carrer de l'Oriol"							"way"	" 245082507"		"{'highway': 'residential', 'name': \"Carrer de l'Oriol\"}"
"Carrer de la Cabrera"	"Carrer de la Cabrera"							"way"	"  83823758"		"{'highway': 'residential', 'name': 'Carrer de la Cabrera'}"
"Carrer de la Creu"	"Carrer de la Creu"							"way"	"  83823286"		"{'highway': 'residential', 'name': 'Carrer de la Creu'}"
"Carrer de la Figuera"	"Carrer de la Figuera"							"way"	" 408034817"		"{'highway': 'residential', 'name': 'Carrer de la Figuera'}"
"Carrer de la Font de Sant Cristòfol"	"Carrer de la Font de Sant Cristòfol"							"way"	"  35772225"		"{'highway': 'unclassified', 'name': 'Carrer de la Font de Sant Cristòfol', 'oneway': 'no'}"
"Carrer de la Font del Lleó"	"Carrer de la Font del Lleó"							"way"	"  34826664"		"{'highway': 'residential', 'name': 'Carrer de la Font del Lleó'}"
"Carrer de la Font Freda"	"Carrer de la Font Freda"							"way"	" 845524571"		"{'highway': 'residential', 'name': 'Carrer de la Font Freda'}"
"Carrer de la Font Seca"	"Carrer de la Font Seca"							"way"	" 965513535"		"{'highway': 'residential', 'name': 'Carrer de la Font Seca'}"
"Carrer de la Font Seca"	"Carrer de la Font Seca"							"way"	" 408034818"		"{'highway': 'residential', 'name': 'Carrer de la Font Seca'}"
"Carrer de la Fonteta"	"Carrer de la Fonteta"							"way"	"  34826663"		"{'highway': 'residential', 'name': 'Carrer de la Fonteta'}"
"Carrer de la Fonteta"	"Carrer de la Fonteta"							"way"	" 108157506"		"{'highway': 'residential', 'name': 'Carrer de la Fonteta', 'surface': 'unpaved'}"
"Carrer de la Indústria"	"Carrer de la Indústria"							"way"	"  34693377"		"{'highway': 'residential', 'name': 'Carrer de la Indústria'}"
"Carrer de la Noguera"	"Carrer de la Noguera"							"way"	"  83823748"		"{'highway': 'residential', 'name': 'Carrer de la Noguera'}"
"Carrer de la Primavera"	"Carrer de la Primavera"							"way"	"  83823494"		"{'highway': 'residential', 'name': 'Carrer de la Primavera'}"
"Carrer de la Timba"	"Carrer de la Timba"							"way"	" 247057748"		"{'highway': 'residential', 'name': 'Carrer de la Timba'}"
"Carrer de la Vall"	"Carrer de la Vall"							"way"	" 893868990"		"{'highway': 'residential', 'lit': 'yes', 'name': 'Carrer de la Vall', 'sidewalk': 'both', 'surface': 'asphalt'}"
"Carrer de la Vinya"	"Carrer de la Vinya"							"way"	" 326180644"		"{'highway': 'residential', 'name': 'Carrer de la Vinya'}"
"Carrer de les Aigües"	"Carrer de les Aigües"							"way"	"  83823475"		"{'highway': 'residential', 'name': 'Carrer de les Aigües'}"
"Carrer de les Balears"	"Carrer de les Balears"							"way"	"  35772011"		"{'highway': 'residential', 'name': 'Carrer de les Balears'}"
"Carrer de les Bascongades"	"Carrer de les Bascongades"							"way"	"  35772029"		"{'highway': 'residential', 'name': 'Carrer de les Bascongades'}"
"Carrer de les Bascongades"	"Carrer de les Bascongades"							"way"	" 130227519"		"{'highway': 'residential', 'name': 'Carrer de les Bascongades'}"
"Carrer de les Canàries"	"Carrer de les Canàries"							"way"	" 108158219"		"{'highway': 'residential', 'name': 'Carrer de les Canàries'}"
"Carrer de les Fonts del Llobregat"	"Carrer de les Fonts del Llobregat"							"way"	" 408034819"		"{'highway': 'residential', 'name': 'Carrer de les Fonts del Llobregat'}"
"Carrer de les Medes"	"Carrer de les Medes"							"way"	"  83823754"		"{'highway': 'residential', 'name': 'Carrer de les Medes'}"
"Carrer de les Oliveres"	"Carrer de les Oliveres"							"way"	"  48172865"		"{'highway': 'residential', 'name': 'Carrer de les Oliveres'}"
"Carrer de les Oliveres"	"Carrer de les Oliveres"							"way"	"  48172877"		"{'highway': 'residential', 'lit': 'yes', 'name': 'Carrer de les Oliveres', 'sidewalk': 'both', 'surface': 'asphalt'}"
"Carrer de les Piscines"	"Carrer de les Piscines"							"way"	"  83823493"		"{'highway': 'residential', 'name': 'Carrer de les Piscines'}"
"Carrer de Llardó"	"Carrer de Llardó"							"way"	" 152308285"		"{'highway': 'residential', 'name': 'Carrer de Llardó', 'oneway': '-1'}"
"Carrer de Lles"	"Carrer de Lles"							"way"	" 108157508"		"{'highway': 'residential', 'name': 'Carrer de Lles'}"
"Carrer de Menorca"	"Carrer de Menorca"							"way"	"  83823757"		"{'highway': 'residential', 'name': 'Carrer de Menorca'}"
"Carrer de Narcís Monturiol"	"Carrer de Narcís Monturiol"							"way"	"  34708437"	"name:etymology:wikidata=Q713959"	"{'highway': 'residential', 'name': 'Carrer de Narcís Monturiol', 'name:etymology:wikidata': 'Q713959'}"
"Carrer de Provença"	"Carrer de Provença"							"way"	"  48172887"		"{'highway': 'residential', 'name': 'Carrer de Provença'}"
"Carrer de Ramon Llull"	"Carrer de Ramon Llull"							"way"	" 408034814"	"name:la=via Raymundus Lullus"	"{'alt_name:es': 'calle Raimundo Lulio', 'highway': 'residential', 'name': 'Carrer de Ramon Llull', 'name:la': 'via Raymundus Lullus'}"
"Carrer de Sant Cristòfol"	"Carrer de Sant Cristòfol"							"way"	" 408034815"		"{'highway': 'residential', 'name': 'Carrer de Sant Cristòfol'}"
"Carrer de Sant Jordi"	"Carrer de Sant Jordi"							"way"	" 245083285"		"{'highway': 'residential', 'name': 'Carrer de Sant Jordi'}"
"Carrer de Sant Josep"	"Carrer de Sant Josep"							"way"	"  37523936"		"{'highway': 'residential', 'name': 'Carrer de Sant Josep'}"
"Carrer de Sant Valentí"	"Carrer de Sant Valentí"							"way"	" 230156616"		"{'highway': 'residential', 'name': 'Carrer de Sant Valentí'}"
"Carrer de Santa Eulàlia"	"Carrer de Santa Eulàlia"							"way"	" 192493403"		"{'highway': 'residential', 'maxspeed': '50', 'name': 'Carrer de Santa Eulàlia', 'oneway': 'no'}"
"Carrer de Santa Llúcia"	"Carrer de Santa Llúcia"							"way"	" 408034816"		"{'highway': 'residential', 'name': 'Carrer de Santa Llúcia'}"
"Carrer del Bosc"	"Carrer del Bosc"							"way"	" 326180645"		"{'highway': 'residential', 'name': 'Carrer del Bosc', 'oneway': 'no', 'surface': 'paved'}"
"Carrer del Camp"	"Carrer del Camp"							"way"	" 408034820"		"{'highway': 'residential', 'name': 'Carrer del Camp'}"
"Carrer del Canigó"	"Carrer del Canigó"							"way"	"  34868190"		"{'highway': 'unclassified', 'name': 'Carrer del Canigó'}"
"Carrer del Cedre"	"Carrer del Cedre"							"way"	"  83823743"		"{'highway': 'residential', 'name': 'Carrer del Cedre'}"
"Carrer del Desmai"	"Carrer del Desmai"							"way"	"  83823750"		"{'highway': 'residential', 'name': 'Carrer del Desmai'}"
"Carrer del Doctor Fleming"	"Carrer del Doctor Fleming"							"way"	" 326180630"	"name:etymology:wikidata=Q37064"	"{'highway': 'residential', 'name': 'Carrer del Doctor Fleming', 'name:etymology:wikidata': 'Q37064'}"
"Carrer del Forn"	"Carrer del Forn"							"way"	"  34868188"		"{'highway': 'residential', 'name': 'Carrer del Forn'}"
"Carrer del Forn"	"Carrer del Forn"							"way"	" 186060545"		"{'highway': 'residential', 'name': 'Carrer del Forn'}"
"Carrer del Mar"	"Carrer del Mar"							"way"	"  48172883"		"{'highway': 'residential', 'lit': 'yes', 'name': 'Carrer del Mar', 'oneway': 'no', 'surface': 'paved'}"
"Carrer del Marfull"	"Carrer del Marfull"							"way"	" 192964851"		"{'highway': 'residential', 'name': 'Carrer del Marfull'}"
"Carrer del Marfull"	"Carrer del Marfull"							"way"	"  83823478"		"{'highway': 'residential', 'name': 'Carrer del Marfull'}"
"Carrer del Masnou"	"Carrer del Masnou"							"way"	" 150731752"		"{'highway': 'residential', 'name': 'Carrer del Masnou'}"
"Carrer del Mestre Joan Batlle"	"Carrer del Mestre Joan Batlle"							"way"	" 666384965"		"{'highway': 'cycleway', 'name': 'Carrer del Mestre Joan Batlle', 'oneway': 'no'}"
"Carrer del Mestre Joan Batlle"	"Carrer del Mestre Joan Batlle"							"way"	"  83823461"		"{'highway': 'residential', 'lit': 'yes', 'name': 'Carrer del Mestre Joan Batlle', 'oneway': 'yes', 'surface': 'asphalt'}"
"Carrer del Mig"	"Carrer del Mig"							"way"	" 186060548"		"{'highway': 'residential', 'name': 'Carrer del Mig'}"
"Carrer del Migdia"	"Carrer del Migdia"							"way"	"  83823745"		"{'highway': 'residential', 'name': 'Carrer del Migdia'}"
"Carrer del Pedraforca"	"Carrer del Pedraforca"							"way"	" 245081932"		"{'highway': 'residential', 'name': 'Carrer del Pedraforca'}"
"Carrer del Pedraforca"	"Carrer del Pedraforca"							"way"	" 344736028"		"{'highway': 'path', 'name': 'Carrer del Pedraforca'}"
"Carrer del Pi Gros"	"Carrer del Pi Gros"							"way"	" 361064878"		"{'highway': 'residential', 'name': 'Carrer del Pi Gros'}"
"Carrer del Pi Gros"	"Carrer del Pi Gros"							"way"	" 326180646"		"{'highway': 'residential', 'lit': 'yes', 'name': 'Carrer del Pi Gros', 'oneway': 'yes', 'sidewalk': 'both', 'surface': 'asphalt'}"
"Carrer del Picaflor"	"Carrer del Picaflor"							"way"	" 326180647"		"{'highway': 'residential', 'name': 'Carrer del Picaflor'}"
"Carrer del Regasol"	"Carrer del Regasol"							"way"	"1009977230"		"{'highway': 'residential', 'name': 'Carrer del Regasol'}"
"Carrer del Regasol"	"Carrer del Regasol"							"way"	" 164708297"		"{'highway': 'residential', 'name': 'Carrer del Regasol'}"
"Carrer del Rieral"	"Carrer del Rieral"							"way"	" 247057749"		"{'highway': 'residential', 'name': 'Carrer del Rieral'}"
"Carrer del Riu Tenes"	"Carrer del Riu Tenes"							"way"	" 845531677"		"{'highway': 'residential', 'name': 'Carrer del Riu Tenes'}"
"Carrer del Romaní"	"Carrer del Romaní"							"way"	"  83823462"		"{'highway': 'residential', 'name': 'Carrer del Romaní', 'oneway': 'yes'}"
"Carrer del Rossinyol"	"Carrer del Rossinyol"							"way"	" 326180648"		"{'highway': 'residential', 'name': 'Carrer del Rossinyol'}"
"Carrer del Sol"	"Carrer del Sol"							"way"	"  83823746"		"{'highway': 'residential', 'name': 'Carrer del Sol'}"
"Carrer del Tagament"	"Carrer del Tagament"							"way"	" 326180655"		"{'highway': 'residential', 'name': 'Carrer del Tagament'}"
"Carrer del Vallès"	"Carrer del Vallès"							"way"	" 150731757"		"{'highway': 'residential', 'lit': 'yes', 'name': 'Carrer del Vallès', 'sidewalk': 'both', 'surface': 'asphalt'}"
"Carrer del Xaloc"	"Carrer del Xaloc"							"way"	"  38330160"		"{'highway': 'residential', 'name': 'Carrer del Xaloc'}"
"Carrer dels Ametllers"	"Carrer dels Ametllers"							"way"	"  35771969"		"{'highway': 'residential', 'name': 'Carrer dels Ametllers'}"
"Carrer dels Ametllers"	"Carrer dels Ametllers"							"way"	" 245083283"		"{'highway': 'residential', 'name': 'Carrer dels Ametllers'}"
"Carrer dels Angels"	"Carrer dels Angels"							"way"	"  83823756"		"{'highway': 'residential', 'name': 'Carrer dels Angels'}"
"Carrer dels Brucs"	"Carrer dels Brucs"							"way"	" 245080871"		"{'highway': 'residential', 'name': 'Carrer dels Brucs'}"
"Carrer dels Hostalets"	"Carrer dels Hostalets"							"way"	"  34868196"		"{'highway': 'residential', 'lit': 'yes', 'name': 'Carrer dels Hostalets', 'sidewalk': 'both', 'surface': 'asphalt'}"
"Carrer Divina Providència"	"Carrer Divina Providència"							"way"	" 326180629"		"{'highway': 'residential', 'lit': 'yes', 'name': 'Carrer Divina Providència', 'sidewalk': 'both', 'surface': 'asphalt'}"
"Carrer Divina Providència"	"Carrer Divina Providència"							"way"	" 706817266"		"{'highway': 'residential', 'name': 'Carrer Divina Providència'}"
"Carrer Divina Providència"	"Carrer Divina Providència"							"way"	" 706817267"		"{'highway': 'residential', 'junction': 'roundabout', 'name': 'Carrer Divina Providència'}"
"Carrer Dr Puigvert"	"Carrer Dr Puigvert"							"way"	"  48172874"		"{'highway': 'residential', 'lit': 'yes', 'name': 'Carrer Dr Puigvert', 'surface': 'paved'}"
"Carrer El Farell"	"Carrer El Farell"							"way"	"  83823732"		"{'highway': 'residential', 'name': 'Carrer El Farell'}"
"Carrer el Tudó"	"Carrer el Tudó"							"way"	" 247057744"		"{'highway': 'residential', 'name': 'Carrer el Tudó'}"
"Carrer el Tudó"	"Carrer el Tudó"							"way"	" 247057740"		"{'highway': 'residential', 'lit': 'yes', 'name': 'Carrer el Tudó', 'sidewalk': 'both', 'surface': 'asphalt'}"
"Carrer Ernest Lluch"	"Carrer Ernest Lluch"							"way"	" 408034810"		"{'highway': 'residential', 'lit': 'yes', 'name': 'Carrer Ernest Lluch', 'oneway': 'no', 'sidewalk': 'both', 'surface': 'concrete'}"
"Carrer Espigol"	"Carrer Espigol"							"way"	"  83823285"		"{'highway': 'residential', 'name': 'Carrer Espigol'}"
"Carrer Estiu"	"Carrer Estiu"							"way"	"  83823485"		"{'highway': 'residential', 'name': 'Carrer Estiu'}"
"Carrer Farigola"	"Carrer Farigola"							"way"	"  83823282"		"{'highway': 'residential', 'name': 'Carrer Farigola'}"
"Carrer Font de Canaletes"	"Carrer Font de Canaletes"							"way"	"  34826662"		"{'highway': 'residential', 'name': 'Carrer Font de Canaletes'}"
"Carrer Gaudí"	"Carrer Gaudí"							"way"	"  48675363"		"{'highway': 'residential', 'name': 'Carrer Gaudí'}"
"Carrer Ginesta"	"Carrer Ginesta"							"way"	"  83823276"		"{'highway': 'residential', 'name': 'Carrer Ginesta'}"
"Carrer Gregorio Marañón"	"Carrer Gregorio Marañón"							"way"	"  48172855"		"{'highway': 'residential', 'name': 'Carrer Gregorio Marañón'}"
"Carrer Guifré el Pilós"	"Carrer Guifré el Pilós"							"way"	" 326180631"		"{'highway': 'living_street', 'name': 'Carrer Guifré el Pilós'}"
"Carrer Hivern"	"Carrer Hivern"							"way"	"  83823484"		"{'highway': 'residential', 'name': 'Carrer Hivern'}"
"Carrer Ignasi Barraquer"	"Carrer Ignasi Barraquer"							"way"	"  48172873"		"{'highway': 'residential', 'lit': 'yes', 'name': 'Carrer Ignasi Barraquer', 'oneway': 'yes', 'surface': 'paved'}"
"Carrer Ignasi Barraquer"	"Carrer Ignasi Barraquer"							"way"	" 325664372"		"{'highway': 'residential', 'lit': 'yes', 'name': 'Carrer Ignasi Barraquer', 'oneway': 'yes', 'surface': 'paved'}"
"Carrer Ignasi Barraquer"	"Carrer Ignasi Barraquer"							"way"	"  48172881"		"{'highway': 'residential', 'name': 'Carrer Ignasi Barraquer'}"
"Carrer Ignasi Barraquer"	"Carrer Ignasi Barraquer"							"way"	"  48172882"		"{'highway': 'residential', 'lit': 'yes', 'name': 'Carrer Ignasi Barraquer', 'oneway': 'no', 'surface': 'paved'}"
"Carrer Jaume I"	"Carrer Jaume I"							"way"	"  48172875"		"{'highway': 'residential', 'name': 'Carrer Jaume I', 'surface': 'asphalt'}"
"Carrer Joan Alcover"	"Carrer Joan Alcover"							"way"	" 186060549"		"{'highway': 'residential', 'name': 'Carrer Joan Alcover'}"
"Carrer Josep Maria de Sagarra"	"Carrer Josep Maria de Sagarra"							"way"	"  34868187"		"{'highway': 'residential', 'lit': 'yes', 'name': 'Carrer Josep Maria de Sagarra', 'sidewalk': 'both', 'surface': 'asphalt'}"
"Carrer Josep Maria Folch i Torres"	"Carrer Josep Maria Folch i Torres"							"way"	" 326180632"		"{'highway': 'living_street', 'name': 'Carrer Josep Maria Folch i Torres', 'surface': 'asphalt'}"
"Carrer Josep Tarradellas"	"Carrer Josep Tarradellas"							"way"	"  34868184"		"{'highway': 'residential', 'name': 'Carrer Josep Tarradellas', 'oneway': 'yes'}"
"Carrer Josep Tarradellas"	"Carrer Josep Tarradellas"							"way"	"  34693380"		"{'highway': 'residential', 'lit': 'yes', 'name': 'Carrer Josep Tarradellas', 'sidewalk': 'both', 'surface': 'asphalt'}"
"Carrer Josep Terradellas"	"Carrer Josep Terradellas"							"way"	"  34693379"		"{'highway': 'residential', 'lit': 'yes', 'name': 'Carrer Josep Terradellas', 'oneway': 'yes', 'sidewalk': 'both', 'surface': 'asphalt'}"
"Carrer Les Moreres"	"Carrer Les Moreres"							"way"	"  48172886"		"{'highway': 'residential', 'lit': 'yes', 'name': 'Carrer Les Moreres', 'oneway': 'yes', 'surface': 'paved'}"
"Carrer Llac"	"Carrer Llac"							"way"	" 244848907"		"{'highway': 'residential', 'name': 'Carrer Llac'}"
"Carrer Llac"	"Carrer Llac"							"way"	" 244848908"		"{'highway': 'residential', 'name': 'Carrer Llac'}"
"Carrer Llacuna"	"Carrer Llacuna"							"way"	" 244848894"		"{'highway': 'residential', 'name': 'Carrer Llacuna'}"
"Carrer Llagostera"	"Carrer Llagostera"							"way"	" 326180634"		"{'highway': 'residential', 'name': 'Carrer Llagostera'}"
"Carrer Llagostera"	"Carrer Llagostera"							"way"	" 244849082"		"{'highway': 'residential', 'name': 'Carrer Llagostera'}"
"Carrer Llançà"	"Carrer Llançà"							"way"	" 244848900"		"{'highway': 'residential', 'name': 'Carrer Llançà'}"
"Carrer Llarnova"	"Carrer Llarnova"							"way"	" 244848911"		"{'highway': 'residential', 'name': 'Carrer Llarnova'}"
"Carrer Llauter"	"Carrer Llauter"							"way"	" 150731760"		"{'highway': 'residential', 'name': 'Carrer Llauter'}"
"Carrer Llavaneres"	"Carrer Llavaneres"							"way"	" 244848899"		"{'highway': 'residential', 'name': 'Carrer Llavaneres'}"
"Carrer Llavaneres / Avinguda dels Lledoners"	"Carrer Llavaneres / Avinguda dels Lledoners"							"node"	"6593894268"		"{'bus': 'yes', 'highway': 'bus_stop', 'name': 'Carrer Llavaneres / Avinguda dels Lledoners', 'public_transport': 'platform'}"
"Carrer Llaverta"	"Carrer Llaverta"							"way"	" 244848910"		"{'highway': 'residential', 'name': 'Carrer Llaverta'}"
"Carrer Llavorsí"	"Carrer Llavorsí"							"way"	" 244848906"		"{'highway': 'residential', 'name': 'Carrer Llavorsí'}"
"Carrer Lledó"	"Carrer Lledó"							"way"	" 150731754"		"{'highway': 'residential', 'lit': 'yes', 'name': 'Carrer Lledó', 'sidewalk': 'both', 'surface': 'asphalt'}"
"Carrer Llimoner"	"Carrer Llimoner"							"way"	" 154712944"		"{'highway': 'residential', 'name': 'Carrer Llimoner'}"
"Carrer Lluis Companys"	"Carrer Lluis Companys"							"way"	" 186060541"		"{'highway': 'residential', 'lit': 'yes', 'name': 'Carrer Lluis Companys', 'oneway': 'yes', 'sidewalk': 'both', 'surface': 'asphalt'}"
"Carrer Lluis Companys"	"Carrer Lluis Companys"							"way"	"  34693374"		"{'highway': 'residential', 'name': 'Carrer Lluis Companys'}"
"Carrer Mallorca"	"Carrer Mallorca"							"way"	"  48172878"		"{'highway': 'residential', 'name': 'Carrer Mallorca'}"
"Carrer Maragall"	"Carrer Maragall"							"way"	" 326180635"		"{'highway': 'residential', 'name': 'Carrer Maragall'}"
"Carrer Mare de Déu de La Gleva"	"Carrer Mare de Déu de La Gleva"							"way"	"  83823492"		"{'highway': 'residential', 'name': 'Carrer Mare de Déu de La Gleva'}"
"Carrer Mare de Déu de Lorda"	"Carrer Mare de Déu de Lorda"							"way"	"  34868180"		"{'highway': 'residential', 'name': 'Carrer Mare de Déu de Lorda'}"
"Carrer Mare de Déu del Pilar"	"Carrer Mare de Déu del Pilar"							"way"	"  48675368"		"{'highway': 'residential', 'name': 'Carrer Mare de Déu del Pilar'}"
"Carrer Masblau"	"Carrer Masblau"							"way"	" 152303121"		"{'highway': 'living_street', 'name': 'Carrer Masblau', 'surface': 'asphalt'}"
"Carrer Maspuyols"	"Carrer Maspuyols"							"way"	" 326180636"		"{'highway': 'living_street', 'name': 'Carrer Maspuyols', 'surface': 'asphalt'}"
"Carrer Masquefa"	"Carrer Masquefa"							"way"	" 152303117"		"{'highway': 'living_street', 'name': 'Carrer Masquefa'}"
"Carrer Masroig"	"Carrer Masroig"							"way"	" 152303120"		"{'highway': 'living_street', 'name': 'Carrer Masroig', 'surface': 'asphalt'}"
"Carrer Montblanc"	"Carrer Montblanc"							"way"	"  48675375"		"{'highway': 'residential', 'name': 'Carrer Montblanc'}"
"Carrer Montseny"	"Carrer Montseny"							"way"	"  34868191"		"{'highway': 'residential', 'name': 'Carrer Montseny'}"
"Carrer Mossèn Cinto Verdaguer"	"Carrer Mossèn Cinto Verdaguer"							"way"	" 326180638"		"{'highway': 'residential', 'name': 'Carrer Mossèn Cinto Verdaguer'}"
"Carrer Orient"	"Carrer Orient"							"way"	"  48172871"		"{'highway': 'residential', 'name': 'Carrer Orient'}"
"Carrer Països Catalans"	"Carrer Països Catalans"							"way"	"  38330157"		"{'highway': 'residential', 'name': 'Carrer Països Catalans'}"
"Carrer Pardal"	"Carrer Pardal"							"way"	" 245083287"		"{'highway': 'residential', 'name': 'Carrer Pardal'}"
"Carrer Pedraforca"	"Carrer Pedraforca"							"way"	" 245081936"		"{'highway': 'residential', 'name': 'Carrer Pedraforca'}"
"Carrer Pedraforca"	"Carrer Pedraforca"							"way"	" 245081933"		"{'highway': 'residential', 'name': 'Carrer Pedraforca'}"
"Carrer Perdiu"	"Carrer Perdiu"							"way"	" 245083286"		"{'highway': 'residential', 'name': 'Carrer Perdiu'}"
"Carrer Pitarra"	"Carrer Pitarra"							"way"	" 186060544"		"{'highway': 'residential', 'name': 'Carrer Pitarra'}"
"Carrer Pla dels Naps"	"Carrer Pla dels Naps"							"way"	"  83823472"		"{'highway': 'residential', 'name': 'Carrer Pla dels Naps'}"
"Carrer Pomera"	"Carrer Pomera"							"way"	"  83823737"		"{'highway': 'residential', 'name': 'Carrer Pomera'}"
"Carrer Puiggraciós"	"Carrer Puiggraciós"							"way"	"  83823741"		"{'highway': 'residential', 'name': 'Carrer Puiggraciós'}"
"Carrer Ramón i Cajal"	"Carrer Ramón i Cajal"							"way"	"  48172884"		"{'highway': 'residential', 'lit': 'yes', 'name': 'Carrer Ramón i Cajal', 'surface': 'asphalt'}"
"Carrer Romaní"	"Carrer Romaní"							"way"	"  83823281"		"{'highway': 'residential', 'name': 'Carrer Romaní'}"
"Carrer Roquetes"	"Carrer Roquetes"							"way"	" 223586858"		"{'highway': 'residential', 'name': 'Carrer Roquetes'}"
"Carrer Roselló"	"Carrer Roselló"							"way"	"  48172879"		"{'highway': 'residential', 'name': 'Carrer Roselló'}"
"Carrer Roselló"	"Carrer Roselló"							"way"	"  48172870"		"{'highway': 'residential', 'name': 'Carrer Roselló'}"
"Carrer Sant Esteve"	"Carrer Sant Esteve"							"way"	"  48172880"		"{'highway': 'residential', 'name': 'Carrer Sant Esteve', 'surface': 'asphalt'}"
"Carrer Sant Francesc de Paula"	"Carrer Sant Francesc de Paula"							"way"	"  34868185"		"{'highway': 'residential', 'name': 'Carrer Sant Francesc de Paula'}"
"Carrer Sant Joan Bosco"	"Carrer Sant Joan Bosco"							"way"	"  35772316"		"{'highway': 'residential', 'name': 'Carrer Sant Joan Bosco', 'sidewalk': 'both', 'surface': 'asphalt'}"
"Carrer Sant Ramon"	"Carrer Sant Ramon"							"way"	"  48675361"		"{'highway': 'residential', 'name': 'Carrer Sant Ramon'}"
"Carrer Santa Anna"	"Carrer Santa Anna"							"way"	" 245081934"		"{'highway': 'residential', 'name': 'Carrer Santa Anna'}"
"Carrer Santa Justa"	"Carrer Santa Justa"							"way"	"  34868178"		"{'highway': 'residential', 'name': 'Carrer Santa Justa'}"
"Carrer Santa Teresa"	"Carrer Santa Teresa"							"way"	"  34868182"		"{'highway': 'residential', 'name': 'Carrer Santa Teresa'}"
"Carrer Santiago Rusiñol"	"Carrer Santiago Rusiñol"							"way"	" 186060543"		"{'highway': 'residential', 'name': 'Carrer Santiago Rusiñol'}"
"Carrer Severo Ochoa"	"Carrer Severo Ochoa"							"way"	" 325664397"		"{'highway': 'residential', 'name': 'Carrer Severo Ochoa', 'surface': 'asphalt'}"
"Carrer Tardor"	"Carrer Tardor"							"way"	" 229224503"		"{'highway': 'residential', 'name': 'Carrer Tardor'}"
"Carrer Tarragona"	"Carrer Tarragona"							"way"	" 326180639"		"{'highway': 'residential', 'name': 'Carrer Tarragona'}"
"Carrer Tórtora"	"Carrer Tórtora"							"way"	" 326180640"		"{'highway': 'residential', 'name': 'Carrer Tórtora'}"
"Carrer Vallbona"	"Carrer Vallbona"							"way"	" 150731751"		"{'highway': 'residential', 'lit': 'yes', 'name': 'Carrer Vallbona', 'sidewalk': 'both', 'surface': 'asphalt'}"
"Carrer Vallcebre"	"Carrer Vallcebre"							"way"	" 152309407"		"{'highway': 'residential', 'lit': 'yes', 'name': 'Carrer Vallcebre', 'sidewalk': 'both', 'surface': 'asphalt'}"
"Carrer Valldaura"	"Carrer Valldaura"							"way"	" 150731753"		"{'highway': 'residential', 'name': 'Carrer Valldaura'}"
"Carrer Valldemosa"	"Carrer Valldemosa"							"way"	" 152303116"		"{'highway': 'living_street', 'name': 'Carrer Valldemosa', 'surface': 'asphalt'}"
"Carrer Vallespir"	"Carrer Vallespir"							"way"	" 150731755"		"{'highway': 'residential', 'lit': 'no', 'name': 'Carrer Vallespir', 'sidewalk': 'both', 'surface': 'asphalt'}"
"Carrer Vallmoll"	"Carrer Vallmoll"							"way"	" 326180641"		"{'highway': 'living_street', 'name': 'Carrer Vallmoll', 'surface': 'asphalt'}"
"Carrer Valls"	"Carrer Valls"							"way"	" 152303119"		"{'highway': 'living_street', 'name': 'Carrer Valls', 'surface': 'asphalt'}"
"Carrer Verge de la Salut"	"Carrer Verge de la Salut"							"way"	"  34693605"		"{'highway': 'residential', 'lit': 'yes', 'name': 'Carrer Verge de la Salut', 'sidewalk': 'both', 'surface': 'asphalt'}"
"Carrer Verge de Montserrat"	"Carrer Verge de Montserrat"							"way"	" 326180642"		"{'highway': 'residential', 'name': 'Carrer Verge de Montserrat'}"
"Carrer Verge de Núria"	"Carrer Verge de Núria"							"way"	"  34868177"		"{'highway': 'residential', 'name': 'Carrer Verge de Núria'}"
"Carrer Verge del Remei"	"Carrer Verge del Remei"							"way"	"  34693603"		"{'highway': 'residential', 'name': 'Carrer Verge del Remei'}"
"Carrer Verge del Remei"	"Carrer Verge del Remei"							"way"	" 186060551"		"{'highway': 'residential', 'name': 'Carrer Verge del Remei'}"
"Carrer Verge del Roser"	"Carrer Verge del Roser"							"way"	" 326180643"		"{'highway': 'living_street', 'name': 'Carrer Verge del Roser'}"
"Parc de Can Font"	"Parc de Can Font"							"way"	"1083808680"		"{'leisure': 'park', 'name': 'Parc de Can Font'}"
"Parc de Can Font"	"Parc de Can Font"							"way"	"1083808681"		"{'landuse': 'grass', 'name': 'Parc de Can Font'}"
"Parc de Sant Simplici"	"Parc de Sant Simplici"							"way"	"1069306702"		"{'addr:street': 'Camí de la Serra Granada', 'description': 'Parc infantil amb castell multijoc i tirolina', 'leisure': 'park', 'name': 'Parc de Sant Simplici', 'operator': 'Ajuntament'}"
"Plaça de l'Ajuntament"	"Plaça de l'Ajuntament"							"way"	"  48238377"		"{'highway': 'residential', 'junction': 'roundabout', 'lit': 'yes', 'name': \"Plaça de l'Ajuntament\", 'sidewalk': 'both', 'surface': 'asphalt'}"
"Plaça de l'Ajuntament"	"Plaça de l'Ajuntament"							"way"	" 245081937"		"{'highway': 'residential', 'name': \"Plaça de l'Ajuntament\"}"
"Plaça de l'Esglèsia"	"Plaça de l'Esglèsia"							"way"	" 297061877"		"{'highway': 'residential', 'name': \"Plaça de l'Esglèsia\", 'surface': 'asphalt'}"
"Plaça Onze de setembre"	"Plaça Onze de setembre"							"way"	" 969563468"		"{'leisure': 'park', 'name': 'Plaça Onze de setembre', 'opening_hours': '24/7'}"
